"List Number","Agency Name","Agency Phone","Listing Agent","Co-Listing Agent","Property Type","Card Format","Book Section","Selling Agency","Selling Agent","Co-Selling Agent","End Date","Property Sub Type","Listing Contract Date","Close Date","Purchase Contract Date","Back on Market Date","Status","Status Change Timestamp","Withdrawn Date","Cancellation Date","Original List Price","List Price","Close Price","Living Area Source","Buyer Financing","Street Number","Street Direction Prefix","Street Name","Unit Number","Street Direction Suffix","Street Suffix","City","State","County","Postal Code","NO_COMMON_NAME","Stories","Latitude","Longitude","NO_COMMON_NAME","Year Built","Lot Size Dimensions","Bedrooms Total","Bathrooms Total","Bathrooms Full","Bathrooms Half","Tax Annual Amount","Subdivision Name","Middle Or Junior School District","Parcel Number","Tax Legal Description","Directions","Owner Name","mod_timestamp","Association Fee Frequency","Occupant Type","Listing Agreement","Units Furnished","Association Fee","Building Area Total","Leasable Area","Garage Spaces","Tax Other Annual Assessment Amount","Parking Total","NO_COMMON_NAME","NO_COMMON_NAME","Availability Date","Additional Tax ID","Concessions Comments","Postal Code +4","Association YN","Carport YN","Home Warranty YN","Lease Considered YN","Concessions","Lot Size Acres","Projected Closing Date","Builder Name","Building Name","NO_COMMON_NAME","Spa YN","Waterfront YN","Cooling YN","Heating YN","Concessions Amount","Public Remarks","Private Remarks","Exclusions","Inclusions","Attached Garage YN","New Construction YN","Basement YN","Fireplace YN","Accessibility Features YN","Auction YN","Accessory Dwelling Unit YN","City Limits","Rent Control YN","Garage YN","Lease Type","Carport Spaces","List Price/Acre","Sold Price/Acre","School Tax","City Tax","County Tax","Number Of Buildings","Number Of Units Total","Fireplaces Total","Number HVAC Units","Road Frontage Length","Tax Book Number","Tax Map Number","Zoning Description","Buyer Financing Details","Tax Property ID","Comp Sale YN","Land Lease YN","Restrictive Covenants YN","View YN","Resort YN","Gated Y/N","Sale Considered YN","Comp Sale Type","Photo URL","Price Change Timestamp","Days on Market","Rooms","Features"
"2603649","Total Realty Source","(731) 574-9340","Tamra L Jones","","Commercial","Commercial Lease","Business","","","","2027-08-01","BU","2026-08-01","","","","A","2026-08-02","","","2000.00","2000.00","","","","375","","VANN","D","","Drive","Jackson","TN","Madison","38305","","1","35.669115","-88.840363","1400.00","1998","186.54X179.83X188.57X92.31","","","","","13365.67","","Jackson Madison Consolidated District","055 016.13","","","","2026-08-02 22:09:58.119321","","Tenant","Excl Right to Lease","","","","","","","6.00","1.43","","2026-09-01","","","","","","","","","0.9500","","","NORTH POINTE PLAZA","","","","","","","LOCATION! LOCATION! LOCATION!  Excellent space on Vann Drive.  High Traffic area.  Great well maintained space. 1,400 sq. ft.  has big open area upfront.  Back area has storage space, office and restroom, Owner of this space does not own the business but, the tenant is wanting to sell the business which is currently a Smoke Shop.  If not interested in buying businees.  Great location for medical, retail, and so much more. Business and inventory is for sale.  Space is for lease only. More info is available.","Business only is for sale. Property is for lease only. Must have an appointment","","","","","","","","","","Y","","","","","","","","6180.04","7185.03","","","","","0","","","BUSINESS/RETAIL/MEDICAL","","","","","","","","N","N","","http://cdn.photos.sparkplatform.com/ctn/20260803025709154178000000.jpg","","12","","Building Features|# of Docks|0;Building Features|Office Area|150;Building Features|Warehouse Area|0;Business Type|Commercial|Yes;Business Type|Retail|Yes;Business Type|Health Services|Yes;Listing Terms|Lease Option|Yes;Possession|See Remarks|Yes;Possession|Occupancy Agreement|Yes;Road Frontage Type|City Street|Yes;Showing Information|Showing Contact Name|Tammy Jones;Showing Information|Showing Instructions|Must have an appointment.  Contact listing agent;Showing Information|Showing Contact Phone|731-225-3158;Tenant Pays|All Utilities|Yes;Tenant Pays|Telephone|Yes;Tenant Pays|Sewer|Yes;Tenant Pays|Electricity|Yes;Tenant Pays|Cable TV|Yes;Water Source|Public|Yes;Location|Strip Center|Yes;Lock Box Type|None|Yes;Special Listing Conditions|Standard|Yes;Showing Requirements|Call Listing Agent|Yes;"
"2603158","Total Realty Source","(731) 574-9340","Tamra L Jones","","Land","Land","Residential Lot","","","","2027-07-03","RL","2026-07-02","","","","A","2026-07-05","","","55000.00","55000.00","","","","0","","McKelvey","","","Road","Camden","TN","Benton","38320","","","36.08753","-88.114863","","","5.05","","","","","85.33","None","Benton County","065 049.02","","","","2026-07-05 13:39:13.941116","","","Excl Right to Sell","","","","","","","","10891.09","","","","","","","","","","","5.0500","","","","","","N","","","","WELCOME TO CHASE WEST ESTATES  Discover the perfect place to build your dream home.  This beautiful new subdivision offers 18 lots.  This subdivision provides plenty of space for privacy and country living with the convenience of living just minutes from town.  Most of the lots will require basements. Roads have been roughed in (asphalt to come) Road signs have been installed.  Water and electricity are available.  Buyer will have to hook up and install septic system.  County taxes only. Does have Restrictive covenants.  Lots of trees.  Seller will sell lots with or without trees.  Perfect place to call home.","","","","","","","","","","","N","","","","","","","0.00","0.00","85.33","","","","","800","","","","","","N","","y","N","","N","","","http://cdn.photos.sparkplatform.com/ctn/20260705183023198131000000.jpg","","42","","Documents|Restrictive Covenants|Yes;Land Details|Pasture Area|0;Land Details|Greenbelt|No;Land Details|Tillable Area|0;Land Details|Wooded Area|5;Listing Terms|Cash|Yes;Listing Terms|Other|Yes;Listing Terms|Conventional|Yes;Other Equipment|Call Listing Agent|Yes;Possession|Close Of Escrow|Yes;Road Frontage Type|County Road|Yes;Road Surface Type|Gravel|Yes;Showing Information|Showing Contact Name|Tammy Jones;Showing Information|Showing Contact Phone|731-225-3158;Utilities|Electricity Available|Yes;Utilities|Water Available|Yes;Water Source|Public|Yes;Road Responsibility|Public Maintained Road|Yes;Special Listing Conditions|Standard|Yes;Showing Requirements|Call Listing Agent|Yes;"
"2603159","Total Realty Source","(731) 574-9340","Tamra L Jones","","Residential","Residential","Single Family Residence","","","","2027-01-03","SF","2026-07-03","","","","A","2026-07-05","","","185000.00","185000.00","","Assessor","","1256","","Campbell","","","Street","Jackson","TN","Madison","38301","1","","35.644958","-88.822146","1567.00","1943","80 X 197 IRR","2","2.00","2","0","1050.73","None","Jackson Madison Consolidated District","065H E 002.00","","N. Highland and Ridgecrest.  Go East on Ridgecrest.  Turn Right on Campbell.  House will be on the left.","","2026-08-12 23:06:25.400821","","Owner","Excl Right to Sell","","","","","","","4.00","118.06","","","","","","","Y","N","N","","0.0000","","","","","","N","Y","","","Welcome to 1256 Campbell St!  This well-maintained home offers 1,567 square feet of comfortable living space with 2 bedrooms and 2 baths, including 1 with stand up shower. Inside you'll find two spacious living areas, providing plenty of room for relaxing, entertaining, or creating a home office.  The separate dining room and additional eating area offer great options for everyday meals and special gatherings. This home features durable LVP flooring  throughout and two fireplaces-one wood-burning and one gas adding warmth and character to the living spaces. The attached carport provides convenient covered parking while the backyard offers plenty of space to enjoy the outdoors.  An added bonus is the heated and cooled storage room with water, making it ideal for a small workshop, hobby room or storage. All kitchen appliances remain, including the refrigerator, as well as the washer and dryer, make this home truly move-in ready. Built in 1943, this charming home combines timeless character with practical updates and is conveniently located near shopping, dining, schools and everyday amenities. Schedule your private showing today!","Lots of furniture in this house.  Hopefully your client can visualize.  Seller will be selling lots of items in the house.","","","","N","N","Y","N","","","Y","","N","","1.00","","","0.00","485.84","584.89","","","2","1","","1","","","","","N","","N","N","","","","","http://cdn.photos.sparkplatform.com/ctn/20260813040523968825000000.jpg","","41","Kitchen:|||||;Primary Bedroom:|||||;Bedroom:|||||;Living Room:|||||;Living Room:|||||;Laundry:|||||;","Appliances|Dryer|Yes;Appliances|Washer|Yes;Appliances|Refrigerator|Yes;Appliances|Electric Range|Yes;Attic Features|Pull-Down Stairs|Yes;Construction Materials|Brick|Yes;Cooling|Central Air|Yes;Cooling|Ceiling Fan(s)|Yes;Documents|Lead Based Paint Disclosure|Yes;Documents|Property Disclosure|Yes;Documents|Confirmation of Agency|Yes;Exterior Features|Rain Gutters|Yes;Fireplace Features|Gas Log|Yes;Fireplace Features|Wood Burning|Yes;Flooring|Luxury Vinyl|Yes;Interior Features|Ceiling Fan(s)|Yes;Laundry Features|Main Level|Yes;Laundry Features|Washer Hookup|Yes;Listing Terms|Cash|Yes;Listing Terms|VA Loan|Yes;Listing Terms|FHA|Yes;Listing Terms|Conventional|Yes;Lock Box Information|Lock Box Location|front door;Main Room Levels|Main Level Bathrooms|2;Main Room Levels|Main Level Bedrooms|2;Parking Features|Open|Yes;Parking Features|Other|Yes;Parking Information|Open Parking Spaces|3;Parking Information|Other Parking|driveway;Parking Information|Open Parking YN|Yes;Patio And Porch Features|Covered|Yes;Possession|Close Of Escrow|Yes;Road Frontage Type|City Street|Yes;Road Responsibility|Public Maintained Road|Yes;Room Types|Bedroom|Yes;Room Types|Primary Bedroom Level|Main;Room Types|Primary Bedroom|Yes;Room Types|Living Room Level|Main;Room Types|Living Room|Yes;Room Types|Laundry Level|Main;Room Types|Laundry|Yes;Room Types|Kitchen Level|Main;Room Types|Kitchen|Yes;Room Types|Dining Room|Yes;Room Types|Bedroom Level|Main;Sewer|Public Sewer|Yes;Showing Information|Showing Attended YN|No;Showing Information|Showing Instructions|Call agent for combo Code to enter home.  Need a 2 hour noticd;Showing Information|Showing Contact Phone|731-225-3158;Showing Information|Showing Contact Name|Tammy Joned;Water Source|Public|Yes;Lock Box Type|Combo|Yes;Levels|One|Yes;Special Listing Conditions|Standard|Yes;Showing Requirements|Call Listing Agent|Yes;Showing Requirements|ShowingTime|Yes;"
"2602353","Total Realty Source","(731) 574-9340","Lynda C Climer","","Residential","Residential","Single Family Residence","","","","2027-05-19","SF","2026-05-19","","","","A","2026-05-20","","","429000.00","399000.00","","Assessor","","1555","","Short","","","Road","Pinson","TN","Chester","38366","1","","35.454821","-88.745391","2036.00","1999","529 x 501","3","3.00","2","1","1119.62","None","Chester County Schools","031    009.11 000","","From Hwy 45 S. in Pinson, turn onto Bear Creek Road, drive 1.6 mi to Short Road.   You will be in Madison County and then you will see a Chester County sign.   The home is 1.6 mi on left after you turn onto Short Road.","David M Vince","2026-07-27 14:16:26.706349","","Owner","Excl Right to Sell","","","2036.00","","","","3.00","195.97","","","","","","N","Y","N","N","","6.6100","","","","N","N","N","Y","Y","","CHESTER COUNTY SCHOOLS - Time to settle into a new home before school starts.   Enjoy peaceful country living in this charming home situated on 6.61 scenic areas just 15 minutes from shopping and dining.  There are a new dishwasher and double oven from Coffman's which have never been used.  This property offers privacy with trees all around.  Relax on the wide front porch or entertain guests on the spacious deck just off the living room.  The property features a small koi pond with a quaint porch-side sitting building, creating the perfect shaded retreat to unwind and enjoy nature.  There is open space for family activities and outdoor enjoyment.   This home is move-in ready and ideal for creating lasting memories.  Located within the desirable Chester County School district, the property also backs up to Chickasaw Park, offering added privacy and natural beauty. The Dishwasher and double ovens are new from Coffman's this year.  Be the first to use them.","","","","","N","Y","N","N","N","N","N","","N","","3.00","","","0.00","0.00","1050.81","","","","2","","","","","","","N","N","N","N","N","N","","","http://cdn.photos.sparkplatform.com/ctn/20260518172057437888000000.jpg","2026-05-26 14:24:29.165204","86","Kitchen:|||||;Primary Bedroom:|||||;Primary Bathroom:|||||;Laundry:|||||;Family Room:|||||;Bathroom:|||||;Foyer:|||||;Bedroom:|||||;Bedroom:|||||;Bathroom:|||||;Other:|||||;Other:|||||;Game Room:|||||;Safe Room:|||||;Game Room:|||||;","Appliances|Dryer|Yes;Appliances|Washer|Yes;Appliances|Stainless Steel Appliance(s)|Yes;Appliances|Self Cleaning Oven|Yes;Appliances|Range Hood|Yes;Appliances|Refrigerator|Yes;Appliances|Microwave|Yes;Appliances|Electric Water Heater|Yes;Appliances|Electric Range|Yes;Appliances|Exhaust Fan|Yes;Appliances|Electric Cooktop|Yes;Appliances|Dishwasher|Yes;Appliances|Double Oven|Yes;Appliances|Disposal|Yes;Attic Features|Unfinished|Yes;Basement|Exterior Entry|Yes;Basement|Walk-Out Access|Yes;Basement|Storage Space|Yes;Basement|Partially Finished|Yes;Basement|Partial|Yes;Basement|Interior Entry|Yes;Basement|Full|Yes;Construction Materials|Block|Yes;Construction Materials|Vinyl Siding|Yes;Cooling|Central Air|Yes;Cooling|Electric|Yes;Cooling|Ceiling Fan(s)|Yes;Documents|Confirmation of Agency|Yes;Documents|Personal Interest Disclosure|Yes;Documents|Property Disclosure|Yes;Electric|220 Volts|Yes;Exterior Features|Private Entrance|Yes;Exterior Features|Rain Gutters|Yes;Fencing|None|Yes;Flooring|Carpet|Yes;Flooring|Hardwood|Yes;Flooring|Ceramic Tile|Yes;Foundation Details|Block|Yes;Heating|Central|Yes;Heating|Wood Stove|Yes;Heating|Electric|Yes;Interior Features|Bookcases|Yes;Interior Features|Fiber Glass Shower|Yes;Interior Features|Jetted Tub|Yes;Interior Features|Soaking Tub|Yes;Interior Features|Granite Counters|Yes;Interior Features|Eat-in Kitchen|Yes;Interior Features|Crown Molding|Yes;Laundry Features|Gas Dryer Hookup|Yes;Laundry Features|Washer Hookup|Yes;Laundry Features|Main Level|Yes;Listing Terms|Cash|Yes;Listing Terms|VA Loan|Yes;Listing Terms|FHA|Yes;Lot Features|Pond on Lot|Yes;Lot Features|Wooded|Yes;Lot Features|Secluded|Yes;Main Room Levels|Main Level Bathrooms|2;Main Room Levels|Main Level Bedrooms|1;Other Structures|Other|Yes;Parking Features|Circular Driveway|Yes;Parking Features|Other|Yes;Parking Features|Open|Yes;Parking Features|Gravel|Yes;Parking Information|Open Parking Spaces|3;Parking Information|Other Parking|Circle driveway in front of home and additional parking at basement level;Parking Information|Open Parking YN|Yes;Patio And Porch Features|Covered|Yes;Patio And Porch Features|Side Porch|Yes;Patio And Porch Features|Front Porch|Yes;Patio And Porch Features|Deck|Yes;Possession|Close Of Escrow|Yes;Road Frontage Type|County Road|Yes;Road Responsibility|Public Maintained Road|Yes;Road Surface Type|Asphalt|Yes;Roof|Architectural|Yes;Room Types|Bathroom|Yes;Room Types|Foyer|Yes;Room Types|Other Level|Upper;Room Types|Other|Yes;Room Types|Safe Room Level|Basement;Room Types|Safe Room|Yes;Room Types|Foyer Level|Main;Room Types|Primary Bedroom Level|Main;Room Types|Primary Bedroom|Yes;Room Types|Primary Bathroom Level|Main;Room Types|Primary Bathroom|Yes;Room Types|Laundry Level|Main;Room Types|Laundry|Yes;Room Types|Kitchen Level|Main;Room Types|Kitchen|Yes;Room Types|Game Room Level|Basement;Room Types|Game Room|Yes;Room Types|Family Room Level|Main;Room Types|Family Room|Yes;Room Types|Bedroom Level|Upper;Room Types|Bedroom|Yes;Room Types|Bathroom Level|Upper;Security Features|Smoke Detector(s)|Yes;Security Features|Internal Storm Shelter|Yes;Sewer|Septic Tank|Yes;Showing Information|Showing Attended YN|Yes;Showing Information|Showing Instructions|Home is vacant.   Call Listing Agent, 731-217-3827, for code to key box.   A lock box will be placed on the front door May;Showing Information|Showing Contact Phone|731-217-3827;Showing Information|Showing Contact Name|Lynda Climer;Utilities|Electricity Available|Yes;Utilities|Water Available|Yes;Utilities|Underground Utilities|Yes;Water Source|Public|Yes;Window Features|Blinds|Yes;Window Features|Vinyl Frames|Yes;Window Features|Skylight(s)|Yes;Lock Box Type|SentriLock|Yes;Levels|One and One Half|Yes;Special Listing Conditions|Standard|Yes;Showing Requirements|Appointment Only|Yes;Showing Requirements|ShowingTime|Yes;Showing Requirements|Call Listing Office|Yes;"
"2601171","Total Realty Source","(731) 574-9340","Brandie Bassett","","Residential","Residential","Single Family Residence","","","","2026-09-20","SF","2026-03-13","","","","A","2026-03-20","","","305000.00","289900.00","","Assessor","","116","","Rolling Hills","","","Drive","Jackson","TN","Madison","38305","3","","35.671098","-88.892185","2940.00","1977","115 X 318.25 IRR","5","3.00","3","0","2231.27","Northwest Acres","Jackson Madison Consolidated District","054C B 017.00","","","","2026-08-04 13:41:50.148672","","Vacant","Excl Right to Sell","","","","","2.00","","4.00","98.61","","","","","","N","N","N","N","","0.0000","","2","","N","N","N","Y","Y","","If you're tired of cookie cutter houses, here you go! 116 Rolling Hills offers 5 bedrooms, 3 baths, and nearly 3,000 square feet with a split-level layout full of personality. Inside, you've got space to spread out, a roomy kitchen, and a gorgeous stone fireplace. Outside, the backyard feels private and peaceful, with a zen-like setup and a gazebo that would be perfect for yoga, relaxing, or your own little escape from the world. Call Listing Agent today for your private showing!","","","","Y","N","N","Y","N","N","N","Y","","Y","","","","","0.00","1031.70","1199.57","","","2","2","","3","","","","","N","N","N","N","N","N","","","http://cdn.photos.sparkplatform.com/ctn/20260320191513746776000000.jpg","2026-08-04 13:41:50.110371","153","Kitchen:|||||;Great Room:|||||;Dining Room:|||||;Primary Bedroom:|||||;Primary Bathroom:|||||;Bedroom:|||||;Bedroom:|||||;Bedroom:|||||;Bedroom:|||||;Bathroom:|||||;Bathroom:|||||;","Appliances|Electric Range|Yes;Appliances|Refrigerator|Yes;Attic Features|Partially Finished|Yes;Attic Features|Pull-Down Stairs|Yes;Ceiling Heights|9 Foot|Yes;Ceiling Heights|10 Foot|Yes;Construction Materials|Vinyl Siding|Yes;Cooling|Central Air|Yes;Cooling|Electric|Yes;Documents|Lead Based Paint Disclosure|Yes;Documents|Property Disclosure|Yes;Documents|Confirmation of Agency|Yes;Exterior Features|Courtyard|Yes;Exterior Features|Rain Gutters|Yes;Exterior Features|Other|Yes;Fencing|Partial|Yes;Fireplace Features|Wood Burning|Yes;Flooring|Carpet|Yes;Flooring|Luxury Vinyl|Yes;Heating|Central|Yes;Heating|Fireplace(s)|Yes;Heating|Electric|Yes;Interior Features|Ceiling Fan(s)|Yes;Interior Features|Tub Shower Combo|Yes;Interior Features|Walk-In Closet(s)|Yes;Interior Features|Other|Yes;Interior Features|Laminate Counters|Yes;Interior Features|Eat-in Kitchen|Yes;Interior Features|Double Vanity|Yes;Laundry Features|Electric Dryer Hookup|Yes;Laundry Features|Washer Hookup|Yes;Laundry Features|Laundry Room|Yes;Listing Terms|Cash|Yes;Listing Terms|VA Loan|Yes;Listing Terms|FHA Eligibility|Unknown;Listing Terms|FHA|Yes;Listing Terms|Conventional|Yes;Lock Box Information|Lock Box Location|Front door;Lock Box Information|Lock Box Serial Number|2317480;Lot Features|Rolling Slope|Yes;Main Room Levels|Main Level Bathrooms|1;Main Room Levels|Main Level Bedrooms|2;Other Structures|Gazebo|Yes;Other Structures|Shed(s)|Yes;Parking Features|Garage Faces Side|Yes;Patio And Porch Features|Deck|Yes;Patio And Porch Features|Porch|Yes;Possession|Close Of Escrow|Yes;Road Frontage Type|City Street|Yes;Road Responsibility|Public Maintained Road|Yes;Road Surface Type|Asphalt|Yes;Roof|Flat|Yes;Roof|Architectural|Yes;Roof|Rubber|Yes;Roof|Mixed|Yes;Room Types|Bathroom|Yes;Room Types|Primary Bedroom Level|Main;Room Types|Primary Bedroom|Yes;Room Types|Primary Bathroom Level|Main;Room Types|Primary Bathroom|Yes;Room Types|Kitchen Level|Lower;Room Types|Kitchen|Yes;Room Types|Great Room Level|Lower;Room Types|Great Room|Yes;Room Types|Dining Room Level|Lower;Room Types|Dining Room|Yes;Room Types|Bedroom Level|Upper;Room Types|Bedroom|Yes;Room Types|Bathroom Level|Upper;Security Features|Smoke Detector(s)|Yes;Sewer|Public Sewer|Yes;Showing Information|Showing Attended YN|No;Showing Information|Showing Contact Phone|7316952785;Showing Information|Showing Contact Name|Brandie Bassett;Utilities|Cable Available|Yes;Utilities|Water Connected|Yes;Utilities|Sewer Connected|Yes;Utilities|Electricity Connected|Yes;Water Source|Public|Yes;Window Features|Shutters|Yes;Window Features|Vinyl Frames|Yes;Lock Box Type|SentriLock|Yes;Levels|Three Or More|Yes;Levels|Multi/Split|Yes;Special Listing Conditions|Standard|Yes;Showing Requirements|Appointment Only|Yes;Showing Requirements|Text Listing Agent|Yes;Showing Requirements|ShowingTime|Yes;"
"2603775","Total Realty Source","(731) 574-9340","Jackie David","","Residential","Residential","Single Family Residence","","","","2027-07-07","SF","2026-08-10","","","","A","2026-08-10","","","125000.00","125000.00","","Estimated","","2902","","Vine","","","Street","Humboldt","TN","Gibson","38343","1","","35.824485","-88.899178","1141.00","2016","72 X 113 IRR","2","1.00","1","0","1056.71","None","Humboldt School District","170F E 018.00","","Take US-45N, take a left on Mitchell, right onto N 30th Ave, left onto Vine Street, house is on the left","","2026-08-10 11:59:59.406928","","Vacant","Excl Right to Sell","","","","","","","3.00","109.55","","","","","","N","Y","N","N","","0.0000","","","","N","N","N","N","Y","","Charming 2BR/1BA home in Humboldt offering great value! Freshly painted interior with high ceilings and big windows fill the space with natural light. A 40' sunroom overlooks the backyard ? perfect for relaxing or entertaining. Low-maintenance concrete flooring throughout. Generous, easy-care yard. Covered carport included. Don't miss this move-in ready opportunity ? schedule your showing today!","Schedule showing in ShowingTime","","","","N","N","N","N","","N","Y","","N","","2.00","","","0.00","731.00","325.00","","","","0","","","","","","","N","N","","N","N","N","","","http://cdn.photos.sparkplatform.com/ctn/20260810160133428318000000.jpg","","3","Kitchen:|||||;Primary Bedroom:|||||;Dining Room:|||||;Laundry:|||||;Living Room:|||||;Bedroom:|||||;","Appliances|Dishwasher|Yes;Appliances|Microwave|Yes;Ceiling Heights|15+ Foot|Yes;Documents|Confirmation of Agency|Yes;Documents|Property Exemption|Yes;Flooring|Concrete|Yes;Heating|Natural Gas|Yes;Interior Features|Beamed Ceilings|Yes;Interior Features|Laminate Counters|Yes;Interior Features|High Ceilings|Yes;Interior Features|Ceiling Fan(s)|Yes;Lock Box Information|Lock Box Location|Carport door side;Lock Box Information|Lock Box Serial Number|02309004;Main Room Levels|Main Level Bathrooms|1;Main Room Levels|Main Level Bedrooms|2;Other Structures|Shed(s)|Yes;Other Structures|Workshop|Yes;Other Structures|Storage|Yes;Parking Features|Open|Yes;Parking Information|Open Parking Spaces|1;Parking Information|Open Parking YN|Yes;Patio And Porch Features|Covered|Yes;Patio And Porch Features|Rear Porch|Yes;Patio And Porch Features|Glass Enclosed|Yes;Road Frontage Type|City Street|Yes;Road Responsibility|Public Maintained Road|Yes;Roof|Metal|Yes;Room Types|Bedroom|Yes;Room Types|Primary Bedroom Level|Main;Room Types|Primary Bedroom|Yes;Room Types|Living Room Level|Main;Room Types|Living Room|Yes;Room Types|Laundry Level|Main;Room Types|Laundry|Yes;Room Types|Kitchen Level|Main;Room Types|Kitchen|Yes;Room Types|Family Room|Yes;Room Types|Dining Room Level|Main;Room Types|Dining Room|Yes;Room Types|Bedroom Level|Main;Sewer|Public Sewer|Yes;Utilities|Electricity Available|Yes;Utilities|Natural Gas Connected|Yes;Utilities|Electricity Connected|Yes;Water Source|Public|Yes;Window Features|Vinyl Frames|Yes;Lock Box Type|SentriLock|Yes;Levels|One|Yes;Special Listing Conditions|Standard|Yes;Showing Requirements|Call Listing Agent|Yes;Showing Requirements|ShowingTime|Yes;"
"2602869","Total Realty Source","(731) 574-9340","Brandie Bassett","","Residential","Residential","Single Family Residence","","","","2026-09-17","SF","2026-06-17","","","","A","2026-06-18","","","189900.00","182500.00","","Assessor","","1963","","Mifflin","","","Road","Beech Bluff","TN","Madison","38313","1","","35.572785","-88.659858","1395.00","1990","1.5","3","2.00","2","0","638.90","Beech Bluff","Jackson Madison Consolidated District","103    047.00","","Start at Mifflin Rd and Beech Bluff Rd intersection, go southeast on Mifflin Rd for 7 -8 miles. House on Left","","2026-07-21 09:06:43.345683","","Vacant","Excl Right to Sell","","","","","2.00","","2.00","130.82","","","","","","N","Y","N","N","","1.5000","","","","N","N","N","Y","Y","","Opportunity awaits on 1.5 acres in Beech Bluff! This 3-bedroom, 2-bath home offers a functional one-level floor plan, vinyl plank flooring, carpeted bedrooms, Eat-In Kitchen and Dining.  Located in a USDA-eligible area with county taxes only, this property presents a great opportunity for buyers looking to add their personal touch and build equity. Enjoy the privacy and space of country living while remaining just a short drive from Jackson and surrounding communities. Call Listing Agent for your private showing today!  'All offers/counteroffers must be submitted on PropOffers.com by the buyer's agent.'","'All offers and counteroffers must be entered on propoffers.com by the buyer's agent directly. The buyer's agent is to pay a $200.00 technology fee at closing of any accepted offer.'","","","Y","N","N","N","N","N","N","N","","Y","","2.00","","","0.00","0.00","638.90","","","","1","","","","","","","N","N","N","N","","N","","","http://cdn.photos.sparkplatform.com/ctn/20260618180133204350000000.jpg","2026-07-21 09:06:43.301408","57","Kitchen:|||||;Primary Bedroom:|||||;Dining Room:|||||;Bedroom:|||||;Bedroom:|||||;Living Room:|||||;Primary Bathroom:|||||;","Appliances|Dishwasher|Yes;Appliances|Electric Range|Yes;Attic Features|Partially Finished|Yes;Attic Features|Pull-Down Stairs|Yes;Ceiling Heights|8 Foot|Yes;Construction Materials|Masonite|Yes;Construction Materials|Wood Siding|Yes;Cooling|Central Air|Yes;Cooling|Ceiling Fan(s)|Yes;Documents|Confirmation of Agency|Yes;Documents|Property Exemption|Yes;Fencing|None|Yes;Flooring|Carpet|Yes;Flooring|Luxury Vinyl|Yes;Foundation Details|Slab|Yes;Heating|Forced Air|Yes;Interior Features|Ceiling Fan(s)|Yes;Interior Features|Tub Shower Combo|Yes;Interior Features|Walk-In Closet(s)|Yes;Interior Features|Laminate Counters|Yes;Interior Features|Eat-in Kitchen|Yes;Interior Features|Entrance Foyer|Yes;Laundry Features|Electric Dryer Hookup|Yes;Laundry Features|Washer Hookup|Yes;Laundry Features|Laundry Room|Yes;Listing Terms|Cash|Yes;Listing Terms|USDA Loan|Yes;Listing Terms|FHA Eligibility|Unknown;Listing Terms|Conventional|Yes;Lock Box Information|Lock Box Location|Front door;Main Room Levels|Main Level Bathrooms|2;Main Room Levels|Main Level Bedrooms|3;Other Structures|Shed(s)|Yes;Other Structures|Storage|Yes;Parking Features|Garage Faces Front|Yes;Parking Features|Open|Yes;Parking Information|Open Parking Spaces|2;Parking Information|Open Parking YN|Yes;Patio And Porch Features|Deck|Yes;Patio And Porch Features|Front Porch|Yes;Possession|Close Of Escrow|Yes;Road Frontage Type|County Road|Yes;Road Responsibility|Public Maintained Road|Yes;Road Surface Type|Asphalt|Yes;Roof|Shingle|Yes;Room Types|Bedroom|Yes;Room Types|Primary Bedroom Level|Main;Room Types|Primary Bedroom|Yes;Room Types|Primary Bathroom Level|Main;Room Types|Primary Bathroom|Yes;Room Types|Living Room Level|Main;Room Types|Living Room|Yes;Room Types|Kitchen Level|Main;Room Types|Kitchen|Yes;Room Types|Dining Room Level|Main;Room Types|Dining Room|Yes;Room Types|Bedroom Level|Main;Showing Information|Access Code|2486;Showing Information|Showing Instructions|Go and Show!;Showing Information|Showing Contact Phone|731.695.2785;Showing Information|Showing Contact Name|Brandie Bassett;Showing Information|Showing Attended YN|No;Utilities|Electricity Connected|Yes;Utilities|Water Connected|Yes;Water Source|Public|Yes;Window Features|Aluminum Frames|Yes;Lock Box Type|Combo|Yes;Levels|One|Yes;Special Listing Conditions|Standard|Yes;Showing Requirements|ShowingTime|Yes;Showing Requirements|Text Listing Agent|Yes;"
"2601110","Total Realty Source","(731) 574-9340","Lisa Ann Ballinger","","Residential","Residential","Single Family Residence","","","","2026-09-18","SF","2026-03-17","","","","A","2026-03-17","","","274900.00","259900.00","","Assessor","","16860","","Highland","","","Drive","McKenzie","TN","Carroll","38201","2","","36.137072","-88.494267","2696.00","1975","183.94 X 147.2","5","2.00","2","0","3218.45","None","Mckenzie School District","011    050.02","","","Nelson Properties, LLC","2026-06-01 20:42:57.281458","","Vacant","Excl Right to Sell","","","","","","","6.00","96.40","","","","","","N","N","N","N","","0.5800","","","","N","N","N","Y","Y","","Expansive, Completely Remodeled 5 Bedroom Home is Ready for New Owners.  Conveniently located is just the beginning of the perks this Home has to offer.  New HVAC, Flooring, Countertops, Light Fixtures are just some of the New Here!  The Stained Glass on the Front Door is the First sign of the Beauty this Home Has, Walk through into the Entryway with the Large Living Room Area to your Left.  The Wood Burning Stove in the Living Room will keep All Warm on those Cold Nights.  The Stairs at the Entry Way lead to the Unfinished Upstairs where there is lots of potential, whether you use it for storage or explore the possibilities of finishing this space, it is sure to only add to all that this home offers.  Off of the Living Room there is a Large Kitchen with New Formica Countertops and Lots of Cabinet and Countertop Space perfect for the Holiday Cooking and Entertaining.  The Eat-In Area has a Beautiful Bay Window Area allowing lots of Natural Light and Views.  There is a Nice Laundry Room with lots of Storage Space & Closets with a Full Bathroom off of that area.  Two lower-level Rooms can be used as Bedrooms, Offices, Craft or Playroom, Exercise Room, so many possibilities with these two rooms and both have new Mini Split Units.  A Massive Den has French Doors that Accentuate the Charm; with the large size this room could serve as a Formal Dining Room and Den Combo.  There are 3 Bedrooms at the other end of the Home along with a Large Bathroom.  Home does have Security System.  This home offers so much Potential with the Large Space and Super Convenient Location!  Call today for more information or your Private Showing.","","","","","N","N","Y","Y","N","","Y","","N","","","","","850.87","710.07","1015.17","","","0","1","","","","","","","N","N","N","N","N","N","","","http://cdn.photos.sparkplatform.com/ctn/20260317152147488476000000.jpg","2026-06-01 20:42:57.234614","149","Kitchen:|||||;Den:|||||;Living Room:|||||;Bedroom:|||||;Bedroom:|||||;Primary Bedroom:|||||;Bedroom:|||||;Bedroom:|||||;","Accessibility Features|Accessible Approach with Ramp|Yes;Attic Features|Permanent Stairs|Yes;Construction Materials|Brick|Yes;Cooling|Central Air|Yes;Cooling|Ceiling Fan(s)|Yes;Documents|Lead Based Paint Disclosure|Yes;Documents|Property Exemption|Yes;Documents|Confirmation of Agency|Yes;Exterior Features|Rain Gutters|Yes;Fireplace Features|Wood Burning Stove|Yes;Flooring|Luxury Vinyl|Yes;Heating|Central|Yes;Heating|See Remarks|Yes;Interior Features|Ceiling Fan(s)|Yes;Interior Features|Walk-In Closet(s)|Yes;Interior Features|Eat-in Kitchen|Yes;Laundry Features|Laundry Room|Yes;Listing Terms|Cash|Yes;Listing Terms|Conventional|Yes;Lock Box Information|Lock Box Location|Back Door;Main Room Levels|Main Level Bathrooms|2;Main Room Levels|Main Level Bedrooms|3;Parking Features|Open|Yes;Parking Information|Open Parking Spaces|6;Parking Information|Open Parking YN|Yes;Patio And Porch Features|Patio|Yes;Possession|Close Of Escrow|Yes;Road Frontage Type|City Street|Yes;Road Responsibility|Public Maintained Road|Yes;Room Types|Bedroom|Yes;Room Types|Primary Bedroom Level|Main;Room Types|Primary Bedroom|Yes;Room Types|Living Room Level|Main;Room Types|Living Room|Yes;Room Types|Kitchen Level|Main;Room Types|Kitchen|Yes;Room Types|Den Level|Main;Room Types|Den|Yes;Room Types|Bedroom Level|Lower;Security Features|Smoke Detector(s)|Yes;Security Features|Security System|Yes;Sewer|Public Sewer|Yes;Water Source|Public|Yes;Lock Box Type|Combo|Yes;Levels|Two|Yes;Special Listing Conditions|Standard|Yes;Showing Requirements|Call Listing Agent|Yes;"
"2601705","Total Realty Source","(731) 574-9340","Amy McLemore","","Residential","Residential","Single Family Residence","","","","2027-04-14","SF","2026-04-15","","","2026-05-26","A","2026-05-26","","","314900.00","314900.00","","Assessor","","66","","Bear Trace","","","Drive","Jackson","TN","Madison","38305","1","","35.709547","-88.838746","1637.00","2022","75x130","3","2.00","2","0","2192.07","Palmer Woods","Jackson Madison Consolidated District","033L E 023.00","","From the intersection of N. Highland Ave and I-40, go north on N. Highland Ave. Left on Fairway Blvd. Right on Palmer Dr. Right on Doe Valley Cv. Right on Bear Trace. Home is immediately on the left.","Frank E. Burns, Jr. & Frank E. Burns, Trustee","2026-05-26 09:52:29.630883","","Tenant","Excl Right to Sell","","","","","2.00","","4.00","192.36","","","","","","N","N","N","N","","0.2300","","Kitzman Construction Company, LLC","","N","N","N","Y","Y","","Welcome to 66 Bear Trace in the desirable Palmer Woods subdivision! This like-new 3BR/2BA brick home offers one-level living with a clean, modern feel and thoughtful upgrades throughout. Built in 2022 by Kitzman Construction, the home features an open floor plan anchored by a spacious great room with a vaulted ceiling. From there, the layout flows seamlessly into the breakfast nook and kitchen on one side, and into the formal dining room on the other?perfect for both everyday living and entertaining.  Enjoy durable LVP flooring in the main living areas and cozy carpet in the bedrooms, with ceramic tile in the bathrooms and laundry room. The kitchen is a standout with shaker-style cabinetry, granite countertops, stainless steel appliances (including the refrigerator), and plenty of workspace.  The primary suite offers a tray ceiling, double vanity, walk-in shower, and a large walk-in closet with custom wood shelving. Both bathrooms feature granite countertops for a consistent, upscale finish.  The laundry room is as functional as it is stylish with ceramic tile flooring, storage cabinets, and a custom built-in bench with cubbies and hooks.  Situated on a level lot with a 2-car attached garage, this home combines low-maintenance living with modern design in a convenient Jackson location.","","","","Y","N","N","N","N","N","N","Y","","Y","","","","","0.00","1013.57","1178.49","","","","1","","11","","Single Family Residential","","","N","N","Y","N","N","N","","","http://cdn.photos.sparkplatform.com/ctn/20260415155520194342000000.jpg","","109","Great Room:|||||;Dining Room:|||||;Kitchen:|||||;Primary Bedroom:|||||;Bedroom:|||||;Bedroom:|||||;Laundry:|||||;","Appliances|Disposal|Yes;Appliances|Microwave Vent Hood|Yes;Appliances|Stainless Steel Appliance(s)|Yes;Appliances|Electric Cooktop|Yes;Appliances|Dishwasher|Yes;Attic Features|Partially Floored|Yes;Attic Features|Pull-Down Stairs|Yes;Ceiling Heights|8 Foot|Yes;Ceiling Heights|14 Foot|Yes;Construction Materials|Brick|Yes;Cooling|Central Air|Yes;Cooling|Electric|Yes;Cooling|Ceiling Fan(s)|Yes;Documents|Restrictive Covenants|Yes;Documents|Property Disclosure|Yes;Documents|Confirmation of Agency|Yes;Electric|200+ Amp Service|Yes;Electric|Underground|Yes;Exterior Features|Rain Gutters|Yes;Fencing|None|Yes;Flooring|Luxury Vinyl|Yes;Foundation Details|Slab|Yes;Heating|Central|Yes;Heating|Forced Air|Yes;Interior Features|Ceiling Fan(s)|Yes;Interior Features|Quartz Countertops|Yes;Interior Features|Walk-In Closet(s)|Yes;Interior Features|Vaulted Ceiling(s)|Yes;Interior Features|Tray Ceiling(s)|Yes;Interior Features|Primary Downstairs|Yes;Interior Features|Pantry|Yes;Interior Features|Open Floorplan|Yes;Interior Features|Eat-in Kitchen|Yes;Interior Features|Entrance Foyer|Yes;Interior Features|Double Vanity|Yes;Interior Features|Crown Molding|Yes;Laundry Features|Electric Dryer Hookup|Yes;Laundry Features|Washer Hookup|Yes;Laundry Features|Main Level|Yes;Laundry Features|Laundry Room|Yes;Listing Terms|Cash|Yes;Listing Terms|VA Loan|Yes;Listing Terms|FHA|Yes;Listing Terms|Conventional|Yes;Lot Features|Level|Yes;Main Room Levels|Main Level Bathrooms|2;Main Room Levels|Main Level Bedrooms|3;Parking Features|Garage Faces Front|Yes;Parking Features|Open|Yes;Parking Features|Garage Door Opener|Yes;Parking Information|Open Parking Spaces|2;Parking Information|Open Parking YN|Yes;Patio And Porch Features|Patio|Yes;Possession|Close Of Escrow|Yes;Road Frontage Type|City Street|Yes;Road Surface Type|Chip And Seal|Yes;Roof|Architectural|Yes;Room Types|Bedroom|Yes;Room Types|Primary Bedroom Level|Main;Room Types|Primary Bedroom|Yes;Room Types|Laundry Level|Main;Room Types|Laundry|Yes;Room Types|Kitchen Level|Main;Room Types|Kitchen|Yes;Room Types|Great Room Level|Main;Room Types|Great Room|Yes;Room Types|Dining Room Level|Main;Room Types|Dining Room|Yes;Room Types|Bedroom Level|Main;Security Features|Carbon Monoxide Detector(s)|Yes;Security Features|Smoke Detector(s)|Yes;Sewer|Public Sewer|Yes;Showing Information|Showing Attended YN|No;Utilities|Cable Available|Yes;Utilities|Fiber Optic Available|Yes;Utilities|Water Connected|Yes;Utilities|Underground Utilities|Yes;Utilities|Sewer Connected|Yes;Utilities|Phone Available|Yes;Utilities|Natural Gas Connected|Yes;Utilities|Electricity Connected|Yes;Water Source|Public|Yes;Window Features|Blinds|Yes;Window Features|Vinyl Frames|Yes;Window Features|Low-Emissivity Windows|Yes;Window Features|Double Pane Windows|Yes;Lock Box Type|None|Yes;Levels|One|Yes;Special Listing Conditions|Standard|Yes;Showing Requirements|Appointment Only|Yes;Showing Requirements|Call Appointment Center|Yes;Showing Requirements|ShowingTime|Yes;"
"2601789","Total Realty Source","(731) 574-9340","Lynda C Climer","Ashley McMillan","Residential","Residential","Single Family Residence","","","","2026-11-25","SF","2026-04-21","","","","A","2026-04-21","","","435000.00","405000.00","","Appraiser","","31","","Turkey Creek","","","Road","Medina","TN","Gibson","38355","2","","35.806131","-88.810749","2871.00","2008","43560","4","3.00","2","1","2096.50","None","Gibson County Special District","177    004.03","","","Greg and Nichole Blackmon","2026-07-27 16:50:55.397732","","Owner","Excl Right to Sell","","","","","2.00","","2.00","141.07","","","","","","","","N","N","","1.0000","","","","N","N","N","","","","Welcome to 31 Turkey Creek Road, a spacious 4-bedroom, 2.5-bath home located in the highly desirable Medina school district! Nestled on a beautiful 1-acre lot with county taxes only, this property offers the perfect blend of space, comfort, and peaceful surroundings. Step inside to find generously sized rooms throughout, including large bedrooms with oversized closets and abundant storage options, plus additional storage closets to keep everything organized. The functional layout is ideal for both everyday living and entertaining. Outside, enjoy the fenced yard?perfect for pets, play, or relaxing evenings?while taking in the serene setting. The unfinished attic provides incredible potential for future expansion, whether you envision a bonus room, home office, or additional living space. Conveniently located just minutes from local schools, this home offers both privacy and accessibility. Don't miss the opportunity to make this versatile and well-located property your own!","","","","Y","N","","N","N","N","","N","","Y","","","","","1281.40","0.00","815.10","","","","","","","","","","","N","N","","N","","N","","","http://cdn.photos.sparkplatform.com/ctn/20260421130226732366000000.jpg","2026-07-27 16:50:55.358829","114","Kitchen:|||||;Primary Bedroom:|||||;Living Room:|||||;Dining Room:|||||;Bedroom:|||||;Bedroom:|||||;Bedroom:|||||;","Appliances|Dishwasher|Yes;Appliances|Microwave Vent Hood|Yes;Appliances|Stainless Steel Appliance(s)|Yes;Appliances|Refrigerator|Yes;Appliances|Electric Range|Yes;Attic Features|Partially Finished|Yes;Construction Materials|Brick|Yes;Documents|Confirmation of Agency|Yes;Documents|Property Disclosure|Yes;Fencing|Back Yard|Yes;Fencing|Wood|Yes;Flooring|Luxury Vinyl|Yes;Interior Features|Ceiling Fan(s)|Yes;Interior Features|Blown/Textured Ceilings|Yes;Interior Features|Fiber Glass Shower|Yes;Interior Features|Walk-In Closet(s)|Yes;Interior Features|Primary Downstairs|Yes;Interior Features|High Ceilings|Yes;Interior Features|Eat-in Kitchen|Yes;Interior Features|Crown Molding|Yes;Laundry Features|Electric Dryer Hookup|Yes;Laundry Features|Washer Hookup|Yes;Laundry Features|Main Level|Yes;Laundry Features|Laundry Room|Yes;Lock Box Information|Lock Box Location|front door;Lock Box Information|Lock Box Serial Number|2308299;Lot Features|Level|Yes;Main Room Levels|Main Level Bathrooms|2;Main Room Levels|Main Level Bedrooms|3;Other Structures|Garage(s)|Yes;Other Structures|Shed(s)|Yes;Parking Features|Garage Faces Side|Yes;Parking Features|Open|Yes;Parking Features|Garage Door Opener|Yes;Parking Information|Open Parking Spaces|4;Parking Information|Open Parking YN|Yes;Patio And Porch Features|Front Porch|Yes;Patio And Porch Features|Patio|Yes;Possession|Close Of Escrow|Yes;Road Frontage Type|County Road|Yes;Road Responsibility|Public Maintained Road|Yes;Road Surface Type|Asphalt|Yes;Roof|Shingle|Yes;Roof|Architectural|Yes;Room Types|Bedroom|Yes;Room Types|Primary Bedroom Level|Main;Room Types|Primary Bedroom|Yes;Room Types|Living Room Level|Main;Room Types|Living Room|Yes;Room Types|Kitchen Level|Main;Room Types|Kitchen|Yes;Room Types|Dining Room Level|Main;Room Types|Dining Room|Yes;Room Types|Bedroom Level|Upper;Security Features|Smoke Detector(s)|Yes;Sewer|Septic Tank|Yes;Water Source|Private|Yes;Water Source|Well|Yes;Lock Box Type|SentriLock|Yes;Levels|One and One Half|Yes;Special Listing Conditions|Standard|Yes;Showing Requirements|ShowingTime|Yes;"
"2602344","Total Realty Source","(731) 574-9340","Tamra L Jones","","Land","Land","Unimproved Land","","","","2027-05-15","UL","2026-05-19","","","","A","2026-05-19","","","35000.00","35000.00","","","","0","","Clayton","","","Drive","Camden","TN","Benton","38320","","","36.089936","-88.114523","","","159x131x129x286x282x207","","","","","127.57","Hunter's Lake Subdivision","Benton County","065 047 13","","I40 and Bypass.  Take I40 towards Nashville.  Get off I40 At Camden Exit. go left Hwy 641 after you get into Camden turn left Carriage House Drive  Go into Hunter Lake Estates. Clayton Drive is on the left.  You will see lot 12 on tree.","","2026-05-28 21:47:44.039239","","","Excl Right to Sell","","","","","","","","26315.79","","","","","","","","","","","1.3300","","","","","","N","","","","Opportunity Knocks!  This is a great lot to build your dream home on.  Lake view at back of lot.  Subdivision has a walking trail around lake.   Septic System is already on this lot.  Seller would like to sell Lot 13 along with this one for $57,000","Restrictive covenants apply. Seller would like to sell Lot 12 Clayton Drive and Lot 13 Carriage House Drive together for $57,000","","","","","","","","","","N","","","","","","","0.00","0.00","127.57","","","","","50","","","Residential","","","N","","y","Y","","N","","","http://cdn.photos.sparkplatform.com/ctn/20260520025716609174000000.jpg","","86","","Documents|Restrictive Covenants|Yes;Land Details|Pasture Area|0;Land Details|Tillable Area|0;Land Details|Wooded Area|0;Listing Terms|Cash|Yes;Lot Features|Lake on Lot|Yes;Possession|Close Of Escrow|Yes;Sewer|Septic Tank|Yes;Showing Information|Showing Attended YN|No;Showing Information|Showing Contact Phone|731-225-3158;Showing Information|Showing Contact Name|Tammy Jones;Utilities|Electricity Available|Yes;View|Lake|Yes;Road Responsibility|Private Maintained Road|Yes;Special Listing Conditions|Standard|Yes;Showing Requirements|Text Listing Agent|Yes;"
"2602345","Total Realty Source","(731) 574-9340","Tamra L Jones","","Land","Land","Unimproved Land","","","","2027-05-15","UL","2026-05-19","","","","A","2026-05-19","","","22000.00","22000.00","","","","0","","Carriage House","","","Drive","Camden","TN","Benton","38320","","","36.090857","-88.114976","","","248x81x104x84x192x112x71","","","","","94.29","Hunter's Lake Subdivision","Benton County","065 047 14","","I40 and 45 Bypass.  Take I40 East.  Get off at Camden Exit to right. turn left on 641.  After you enter Camden turn left on Carriage House Dr.  Lot on left","","2026-05-28 21:46:35.146792","","","Excl Right to Sell","","","","","","","","26506.02","","","","","","","","","","","0.8300","","","","","","N","","","","Opportunity Knocks on this lot.  You can build your dream home and look out your back door at the lake.  Walking trail around lake.  So much potential.  Seller would like to sell this lot and  connecting lot 12 Clayton Dr. for $57,000.","Great opportunity.  Seller would like to sell this lot and Lot 12 on Clayton Dr. for $57,000.  Lots do connect.","","","","","","","","","","N","","","","","","","0.00","0.00","94.29","","","","","81","","","","","","N","","y","N","","N","","","http://cdn.photos.sparkplatform.com/ctn/20260520032538332961000000.jpg","","86","","Documents|Restrictive Covenants|Yes;Land Details|Pasture Area|0;Land Details|Tillable Area|0;Land Details|Wooded Area|0;Listing Terms|Cash|Yes;Lot Features|Lake on Lot|Yes;Possession|Close Of Escrow|Yes;Showing Information|Showing Contact Name|Tammy Jones;Showing Information|Showing Contact Phone|731-225-3158;Road Responsibility|Private Maintained Road|Yes;Special Listing Conditions|Standard|Yes;Showing Requirements|Call Listing Agent|Yes;"
"2602794","Total Realty Source","(731) 574-9340","Ashley McMillan","","Commercial","Commercial Sale","Retail","","","","2026-12-15","RT","2026-06-15","","","","A","2026-06-15","","","175000.00","150000.00","","","","1110","S","Main","","","Street","Milan","TN","Gibson","38358","1","","35.919749","-88.758586","1440.00","1920","18 M 80 M","","","","","1047.49","","Milan School District","140C R 008.00","","","Billy Ramey","2026-08-10 20:21:01.101632","","Owner","Excl Right to Sell","","","","","","","4.00","104.17","","","","","","","","","N","","0.0000","","","","","","","Y","","","","Front office measures 15.0x9.11 Middle office measures 22.8x9.0 Kitchen measures 10.0x9.0","","","","","","","","N","","Y","","","","","","","","366.05","248.35","1","1","","","18","","","Retail Trade","","","N","","","","","","","","http://cdn.photos.sparkplatform.com/ctn/20260614175256577687000000.jpg","2026-08-10 20:21:01.063851","59","","Building Features|Warehouse Area|0;Building Features|Office Area|136;Building Features|Retail Area|0;Business Type|Retail|Yes;Cooling|Central Air|Yes;Flooring|Luxury Vinyl|Yes;Lock Box Information|Lock Box Location|front door;Lock Box Information|Lock Box Serial Number|2308448;Possession|Close Of Escrow|Yes;Road Frontage Type|City Street|Yes;Road Surface Type|Asphalt|Yes;Sewer|Public Sewer|Yes;Showing Information|Showing Attended YN|No;Water Source|Public|Yes;Location|Strip Center|Yes;Lock Box Type|SentriLock|Yes;Special Listing Conditions|Standard|Yes;Showing Requirements|Call Listing Agent|Yes;Showing Requirements|ShowingTime|Yes;"
"2603156","Total Realty Source","(731) 574-9340","Tamra L Jones","","Land","Land","Residential Lot","","","","2027-07-03","RL","2026-07-02","","","","A","2026-07-05","","","42000.00","42000.00","","","","0","","McKelvey","","","Road","Camden","TN","Benton","38320","","","36.089265","-88.112604","","","2.52","","","","","85.33","None","Benton County","065 049.02","","I40 and 45 Bypass.  Take I40E.  Get off at the Camden Exit.  Go right. Take 641 to Camden.  Turn left on McKelvey Rd.  Subdivision on the right","","2026-07-05 11:39:50.367684","","","Excl Right to Sell","","","","","","","","16666.67","","","","","","","","","","","2.5200","","","","","","N","","","","WELCOME TO CHASE WEST ESTATES  Discover the perfect place to build your dream home.  This beautiful new subdivision offers 18 lots.  This subdivision provides plenty of space for privacy and country living with the convenience of living just minutes from town.  Most of the lots will require basements. Roads have been roughed in (asphalt to come) Road signs have been installed.  Water and electricity are available.  Buyer will have to hook up and install septic system.  County taxes only. Does have Restrictive covenants.  Lots of trees.  Seller will sell lots with or without trees.  Perfect place to call home.","Lot 67","","","","","","","","","","N","","","","","","","0.00","0.00","85.33","","","","","150","","","","","","N","","y","N","","N","","","http://cdn.photos.sparkplatform.com/ctn/20260705162720050954000000.jpg","","42","","Documents|Restrictive Covenants|Yes;Land Details|Pasture Area|0;Land Details|Greenbelt|No;Land Details|Tillable Area|0;Land Details|Wooded Area|0.5;Listing Terms|Cash|Yes;Listing Terms|Other|Yes;Listing Terms|Conventional|Yes;Other Equipment|Call Listing Agent|Yes;Possession|Close Of Escrow|Yes;Road Frontage Type|County Road|Yes;Road Surface Type|Gravel|Yes;Showing Information|Showing Contact Name|Tammy Jones;Showing Information|Showing Contact Phone|731-225-3158;Utilities|Electricity Available|Yes;Utilities|Water Available|Yes;Water Source|Public|Yes;Road Responsibility|Public Maintained Road|Yes;Special Listing Conditions|Standard|Yes;Showing Requirements|Call Listing Agent|Yes;"
"2603131","Total Realty Source","(731) 574-9340","Lisa Ann Ballinger","","Commercial","Commercial Sale","Office","","","","2027-01-04","OF","2026-07-03","","","","A","2026-07-03","","","259900.00","259900.00","","","","16860","","Highland","","","Drive","McKenzie","TN","Carroll","38201","2","2","36.136933","-88.494173","3104.00","1975","183.94 X 147.2","","","","","3218.45","","Mckenzie School District","011    050. 02","","","","2026-07-03 19:39:28.215385","","Vacant","Excl Right to Sell","","","","","","850.87","8.00","83.73","","","","","","","","","Y","","0.5800","","","","","","","Y","Y","","An Abundance of Opportunity Awaits in this Commercial Zoned Property that has a New HVAC, Gutters, Water Heater, LVP Flooring, Countertops in Kitchen, Toilets & Fixtures.   There are 7 Office Spaces (2 Large Rooms) with 2 Full Bathrooms & a Large Kitchen with Eat In Area.   Ideal Space for Attorney, Accountant, Counseling Services, Real Estate or Insurance Firm, Etc.   Great Location with Visibility from Highway 79 and in Close Proximity to Highway 22.","","","","","","","","Y","N","","Y","","","","","","","","710.07","1015.17","1","","","","180","","","Commercial","","","N","","","","","","","","http://cdn.photos.sparkplatform.com/ctn/20260701011855556690000000.jpg","","41","","Accessibility Features|Accessible Approach with Ramp|Yes;Building Features|Security System|Yes;Building Features|Electric Voltage|220;Building Features|Office Area|2,696;Building Features|Warehouse Area|0;Business Type|Accounting|Yes;Business Type|Flex Space|Yes;Business Type|Variety|Yes;Business Type|Professional/Office|Yes;Construction Materials|Brick|Yes;Cooling|Central Air|Yes;Flooring|Luxury Vinyl|Yes;Heating|Central|Yes;Listing Terms|Cash|Yes;Listing Terms|Conventional|Yes;Lock Box Information|Lock Box Location|Back Door;Lock Box Information|Lock Box Serial Number|02313855;Possession|Close Of Escrow|Yes;Roof|Composition|Yes;Security Features|Smoke Detector(s)|Yes;Security Features|Security System|Yes;Sewer|Public Sewer|Yes;Water Source|Public|Yes;Location|Free Standing|Yes;Lock Box Type|SentriLock|Yes;Special Listing Conditions|Standard|Yes;Showing Requirements|Call Listing Agent|Yes;"
"2603157","Total Realty Source","(731) 574-9340","Tamra L Jones","","Land","Land","Residential Lot","","","","2027-07-03","RL","2026-07-02","","","","A","2026-07-05","","","47000.00","47000.00","","","","0","","McKelvey","","","Road","Camden","TN","Benton","38320","","","36.087559","-88.114794","","","3.41","","","","","85.33","None","Benton County","065 049.02","","I40 and 45 Bypass.  Take I40E Exit the Camden Exit ramp.  Turn left.  Stay on 641 to Camden.  Turn left on McKelvey Rd.  Subdivision is on the right.","","2026-07-05 13:32:50.128503","","","Excl Right to Sell","","","","","","","","13782.99","","","","","","","","","","","3.4100","","","","","","N","","","","WELCOME TO CHASE WEST ESTATES  Discover the perfect place to build your dream home.  This beautiful new subdivision offers 18 lots.  This subdivision provides plenty of space for privacy and country living with the convenience of living just minutes from town.  Most of the lots will require basements. Roads have been roughed in (asphalt to come) Road signs have been installed.  Water and electricity are available.  Buyer will have to hook up and install septic system.  County taxes only. Does have Restrictive covenants.  Lots of trees.  Seller will sell lots with or without trees.  Perfect place to call home.","Lot 68","","","","","","","","","","N","","","","","","","0.00","0.00","85.33","","","","","300","","","","","","N","","y","N","","N","","","http://cdn.photos.sparkplatform.com/ctn/20260705182343527877000000.jpg","","42","","Documents|Restrictive Covenants|Yes;Land Details|Pasture Area|0;Land Details|Greenbelt|No;Land Details|Tillable Area|0;Land Details|Wooded Area|0.5;Listing Terms|Cash|Yes;Listing Terms|Other|Yes;Listing Terms|Conventional|Yes;Other Equipment|Call Listing Agent|Yes;Possession|Close Of Escrow|Yes;Road Frontage Type|County Road|Yes;Road Surface Type|Gravel|Yes;Showing Information|Showing Contact Name|Tammy Jones;Showing Information|Showing Contact Phone|731-225-3158;Utilities|Electricity Available|Yes;Utilities|Water Available|Yes;Water Source|Public|Yes;Road Responsibility|Public Maintained Road|Yes;Special Listing Conditions|Standard|Yes;Showing Requirements|Call Listing Agent|Yes;"
"2603133","Total Realty Source","(731) 574-9340","Tamra L Jones","","Land","Land","Residential Lot","","","","2027-07-03","RL","2026-07-02","","","","A","2026-07-03","","","34000.00","34000.00","","","","0","","Quiet Oak","","","Lane","Camden","TN","Benton","38320","","","36.088462","-88.115799","","","1,62","","","","","85.33","None","Benton County","065 049.02","","I40 and 45 Bypass.  I40 East to Camden exit.  Go left on 641 until you get to Camden.  Turn Left on McKelvey Rd. subdivision on right","","2026-07-03 22:46:10.193734","","","Excl Right to Sell","","","","","","","","20987.65","","","","","","","","","","","1.6200","","","","","","N","","","","WELCOME TO CHASE WEST ESTATES  Discover the perfect place to build your dream home.  This beautiful new subdivision offers 18 lots.  This subdivision provides plenty of space for privacy and country living with the convenience of living just minutes from town.  Most of the lots will require basements. Roads have been roughed in (asphalt to come) Road signs have been installed.  Water and electricity are available.  Buyer will have to hook up and install septic system.  County taxes only. Does have Restrictive covenants.  Lots of trees.  Seller will sell lots with or without trees.  Perfect place to call home.","Lot 71. This property is a corner lot.  Driveway could be on Quiet Dale or Serenity","","","","","","","","","","N","","","","","","","0.00","0.00","85.33","","","","","147","","","","","","N","","y","N","","N","","","http://cdn.photos.sparkplatform.com/ctn/20260704023528937740000000.jpg","","42","","Documents|Restrictive Covenants|Yes;Land Details|Pasture Area|0;Land Details|Greenbelt|No;Land Details|Tillable Area|0;Land Details|Wooded Area|1;Listing Terms|Cash|Yes;Listing Terms|Other|Yes;Listing Terms|Conventional|Yes;Other Equipment|Call Listing Agent|Yes;Possession|Close Of Escrow|Yes;Road Frontage Type|County Road|Yes;Road Surface Type|Gravel|Yes;Showing Information|Showing Contact Name|Tammy Jones;Showing Information|Showing Contact Phone|731-225-3158;Utilities|Electricity Available|Yes;Utilities|Water Available|Yes;Water Source|Public|Yes;Road Responsibility|Public Maintained Road|Yes;Special Listing Conditions|Standard|Yes;Showing Requirements|Call Listing Agent|Yes;"
"2603134","Total Realty Source","(731) 574-9340","Tamra L Jones","","Land","Land","Residential Lot","","","","2027-07-03","RL","2026-07-02","","","","A","2026-07-03","","","47000.00","47000.00","","","","0","","Quiet Oak","","","Lane","Camden","TN","Benton","38320","","","36.080869","-88.121278","","","3.51","","","","","85.33","None","Benton County","065 049.02","","I40 and 45 Bypass.  I40 East to Camden Exit. Turn left.  Stay on 641 until you get to Camden Turn left on McKelvey Rd.  Subdivision on the right","","2026-07-03 22:39:05.030544","","","Excl Right to Sell","","","","","","","","13390.31","","","","","","","","","","","3.5100","","","","","","N","","","","WELCOME TO CHASE WEST ESTATES  Discover the perfect place to build your dream home.  This beautiful new subdivision offers 18 lots.  This subdivision provides plenty of space for privacy and country living with the convenience of living just minutes from town.  Most of the lots will require basements. Roads have been roughed in (asphalt to come) Road signs have been installed.  Water and electricity are available.  Buyer will have to hook up and install septic system.  County taxes only. Does have Restrictive covenants.  Lots of trees.  Seller will sell lots with or without trees.  Perfect place to call home.","Lot 69. This property is a cove lot","","","","","","","","","","N","","","","","","","0.00","0.00","85.33","","","","","50","","","","","","N","","y","N","","N","","","http://cdn.photos.sparkplatform.com/ctn/20260704025913342755000000.jpg","","42","","Documents|Restrictive Covenants|Yes;Land Details|Pasture Area|0;Land Details|Greenbelt|No;Land Details|Tillable Area|0;Land Details|Wooded Area|1;Listing Terms|Cash|Yes;Listing Terms|Other|Yes;Listing Terms|Conventional|Yes;Other Equipment|Call Listing Agent|Yes;Possession|Close Of Escrow|Yes;Road Frontage Type|County Road|Yes;Road Surface Type|Gravel|Yes;Showing Information|Showing Contact Name|Tammy Jones;Showing Information|Showing Contact Phone|731-225-3158;Utilities|Electricity Available|Yes;Utilities|Water Available|Yes;Water Source|Public|Yes;Road Responsibility|Public Maintained Road|Yes;Special Listing Conditions|Standard|Yes;Showing Requirements|Call Listing Agent|Yes;"
"2600728","Total Realty Source","(731) 574-9340","Amy McLemore","","Land","Land","Unimproved Land","","","","2027-02-22","UL","2026-02-22","","","","A","2026-02-23","","","19000.00","19000.00","","","","Lot 5","","Westshore","","","Drive","Trenton","TN","Gibson","38382","","","36.008781","-88.883796","","","102 X 288 IRR","","","","","171.14","Lake Hayes Subdivison","Trenton School District","081P B 092.00","","From the intersection of 45 Bypass and Christmasville Rd in Trenton, head east on Christmasville Rd. At the 30-way stop, turn left to continue on Christmasville Rd. Left on Charlie Lewis Rd. Right on Lake Hayes Estates Rd. Right on Westshore Dr. Lot 5 is on the left.","Charles R. & Myrna Cooper","2026-06-18 09:08:44.703859","","","Excl Right to Sell","","","","","","","","27941.18","","","","","","","","","","","0.6800","","","","","","Y","","","","Escape to the peaceful beauty of Lake Hayes with this wooded waterfront homesite offering approximately 0.68 acres of privacy and natural scenery. Whether you're dreaming of a full-time residence or a relaxing weekend retreat, this gently sloping lot provides the perfect setting to take advantage of lake views and waterfront living. Enjoy fishing, kayaking, or simply unwinding while surrounded by mature trees and abundant wildlife. Located in the established Lake Hayes community, this property offers the tranquility of country living while remaining just minutes from Trenton. Bring your builder, your house plans, and your vision?your lake lifestyle starts here!","","","","","","","","","N","","N","","","","","","","108.56","0.00","62.59","","","","","103","","","Residential - Household Units","","","N","N","Y","Y","","N","","","http://cdn.photos.sparkplatform.com/ctn/20260223122121803032000000.jpg","","172","","Community Features|Other|Yes;Documents|Platt|Yes;Documents|Restrictive Covenants|Yes;Land Details|Pasture Area|0;Land Details|Greenbelt|No;Land Details|Mineral Lease YN|No;Land Details|Hunting Lease YN|No;Land Details|CRP Lease YN|No;Land Details|Billboard/Sign Lease YN/Tower|No;Land Details|Tillable Area|0;Land Details|Habitable Residence YN|No;Land Details|Wooded Area|0.68;Lot Features|Sloped|Yes;Lot Features|Wooded|Yes;Lot Features|Waterfront|Yes;Parking Features|None|Yes;Possession|Close Of Escrow|Yes;Road Frontage Type|County Road|Yes;Road Surface Type|Chip And Seal|Yes;Showing Information|Showing Attended YN|No;Utilities|Electricity Available|Yes;Utilities|Fiber Optic Available|Yes;Utilities|Phone Available|Yes;Vegetation|Wooded|Yes;View|Lake|Yes;Water Source|Public|Yes;Waterfront Features|Lake Privileges|Yes;Waterfront Features|Waterfront|Yes;Road Responsibility|Private Maintained Road|Yes;Special Listing Conditions|Standard|Yes;Showing Requirements|ShowingTime|Yes;Showing Requirements|Call Appointment Center|Yes;"
"2601038","Total Realty Source","(731) 574-9340","Lynda C Climer","","Residential","Residential","Single Family Residence","","","","2026-10-28","SF","2026-03-09","","","","A","2026-03-11","","","539000.00","485000.00","","Assessor","","290","","Redfield","","","Drive","Jackson","TN","Madison","38305","1","","35.692365","-88.887913","3395.00","1992","205X125 COR","4","4.00","3","1","3532.05","Cherry Hill Place","Jackson Madison Consolidated District","045F A 002.00","","From Oil Well Road, turn north on Pleasant Plains Road, turn west on McClellan Rd. to Shadow Ridge Dr in Cherry Hill Place Subdivision to Redfield on corner of Shadow Ridge and Redfield.  From Pipkin Road, turn left onto Shadow Ridge to Redfield.  Home is on the North East corner.  290 Redfield Drive.","","2026-08-07 17:08:10.475508","","Vacant","Excl Right to Sell","","","","","2.00","","6.00","142.86","","","","","","","N","N","N","","0.0000","","","","Y","N","N","Y","Y","","SELLER IS READY TO NEGOTIATE.   There is still time to enjoy the pool before settling in for the school year.   Welcome to 290 Redfield Drive in Cherry Hills Place Subdivision - a 4 Bedroom 3.5 bath brick home ideally located at the corner of Shadow Ridge Drive and Redfield Drive with close proximity to USJ.    This spacious 1.5 story home offers 3,395 sq. ft. of living space and has been thoughtfully updated with new Laminate flooring downstairs, new carpet upstairs and fresh interior paint throughout.   The kitchen features a Stainless-Steel JennAir range and cooktop, Whirlpool dishwasher and has a large pantry conveniently located off the utility room.   The pantry provides abundant storage for cookware, seasonal dishes, small appliances, canned goods, dry goods, and includes space for an additional refrigerator or freezer.  Safety and peace of mind come with the federal guided safe room, built to withstand storms up to 250 MPH, located near the utility room and pantry with an access door for added security.    The welcoming dining room, located just off the kitchen and entry hall is perfect for family meals and entertaining.  A bright Sunroom overlooks the backyard and pool area, creating a relaxing space to enjoy the outdoors year-round.   The spacious den features a gas fireplace and offers the perfect gathering space for friends and family.     The large primary suite includes a tray ceiling, plenty of room for king-sized furniture, and a cozy reading or relaxation area.    Just off the Bedroom is the primary bath with a double vanity, his and her closets, separate jetted tub, walk-in shower, and private commode room.      Upstairs you will find three additional spacious bedrooms upstairs with two full bathrooms with tub/shower combinations and large vanities.     Step outside to enjoy your own private backyard retreat featuring a large pool with cover, pool house with vanity and commode, fenced privacy area, storage shed, and beautifully landscaped yard.    This outdoor space is perfect for garden parties, yard games or simply for relaxing.      This home truly offers comfort, space, safety, and convenience.   Schedule your visit today and experience everything 290 Redfield Drive has to offer.","Trane Central Furnace Model# 4YCY4024A1064AB / Heat Pack Water Heater-American Water Heater / Model# G61-50T40R400 Dishwasher - Whirlpool Model #WDTA50SAKZ3 Panasonic Microwave.   The front section of the roof was replaced in 3/2024.","","","Y","N","N","Y","N","N","N","Y","","Y","","","","","0.00","1633.15","1899.00","","","1","1","","","","","","","N","","Y","N","N","N","","","http://cdn.photos.sparkplatform.com/ctn/20260305192921708020000000.jpg","2026-06-25 16:21:30.540876","157","Kitchen:|||||;Primary Bedroom:|||||;Primary Bathroom:|||||;Dining Room:|||||;Family Room:|||||;Living Room:|||||;Sun Room:|||||;Safe Room:|||||;Laundry:|||||;Other:|||||;Bathroom:|||||;Bathroom:|||||;Bathroom:|||||;Bedroom:|||||;Bedroom:|||||;Bedroom:|||||;","Appliances|Built-In Electric Oven|Yes;Appliances|Stainless Steel Appliance(s)|Yes;Appliances|Self Cleaning Oven|Yes;Appliances|Range Hood|Yes;Appliances|Microwave|Yes;Appliances|Gas Water Heater|Yes;Appliances|Gas Cooktop|Yes;Appliances|Exhaust Fan|Yes;Appliances|Electric Cooktop|Yes;Appliances|Dishwasher|Yes;Appliances|Disposal|Yes;Attic Features|Pull-Down Stairs|Yes;Ceiling Heights|9 Foot|Yes;Construction Materials|Brick|Yes;Cooling|Central Air|Yes;Cooling|Ceiling Fan(s)|Yes;Documents|Restrictive Covenants|Yes;Documents|Confirmation of Agency|Yes;Electric|220 Volts|Yes;Electric|Circuit Breakers|Yes;Exterior Features|Outdoor Grill|Yes;Exterior Features|Rain Gutters|Yes;Fencing|Wrought Iron|Yes;Fireplace Features|Gas Log|Yes;Fireplace Features|Masonry|Yes;Fireplace Features|Gas Starter|Yes;Fireplace Features|Great Room|Yes;Flooring|Carpet|Yes;Flooring|Laminate|Yes;Flooring|Ceramic Tile|Yes;Foundation Details|Permanent|Yes;Foundation Details|Raised|Yes;Heating|Natural Gas|Yes;Interior Features|Ceiling Fan(s)|Yes;Interior Features|Blown/Textured Ceilings|Yes;Interior Features|Jetted Tub|Yes;Interior Features|Fiber Glass Shower|Yes;Interior Features|Commode Room|Yes;Interior Features|Tub Shower Combo|Yes;Interior Features|Walk-In Closet(s)|Yes;Interior Features|Soaking Tub|Yes;Interior Features|Primary Downstairs|Yes;Interior Features|Pantry|Yes;Interior Features|Laminate Counters|Yes;Interior Features|Kitchen Island|Yes;Interior Features|High Ceilings|Yes;Interior Features|Entrance Foyer|Yes;Interior Features|Double Vanity|Yes;Interior Features|Coffered Ceiling(s)|Yes;Interior Features|Crown Molding|Yes;Laundry Features|Electric Dryer Hookup|Yes;Laundry Features|Washer Hookup|Yes;Laundry Features|Main Level|Yes;Laundry Features|Laundry Room|Yes;Listing Terms|Cash|Yes;Listing Terms|VA Loan|Yes;Listing Terms|FHA|Yes;Listing Terms|Conventional|Yes;Lock Box Information|Lock Box Location|Front Door;Lock Box Information|Lock Box Serial Number|02308435;Lot Features|Corner Lot|Yes;Lot Features|Level|Yes;Main Room Levels|Main Level Bathrooms|2;Main Room Levels|Main Level Bedrooms|1;Other Structures|Pool House|Yes;Other Structures|Storage|Yes;Parking Features|Garage Faces Side|Yes;Parking Features|Garage Door Opener|Yes;Patio And Porch Features|Covered|Yes;Patio And Porch Features|Rear Porch|Yes;Patio And Porch Features|Front Porch|Yes;Pool Features|In Ground|Yes;Pool Features|Private|Yes;Pool Features|Pool Cover|Yes;Pool Features|Liner|Yes;Possession|Close Of Escrow|Yes;Road Frontage Type|City Street|Yes;Road Responsibility|Public Maintained Road|Yes;Road Surface Type|Asphalt|Yes;Roof|Architectural|Yes;Room Types|Bathroom|Yes;Room Types|Sun Room|Yes;Room Types|Other Level|Main;Room Types|Other|Yes;Room Types|Safe Room Level|Main;Room Types|Safe Room|Yes;Room Types|Sun Room Level|Main;Room Types|Primary Bedroom Level|Main;Room Types|Primary Bedroom|Yes;Room Types|Primary Bathroom Level|Main;Room Types|Primary Bathroom|Yes;Room Types|Living Room Level|Main;Room Types|Living Room|Yes;Room Types|Laundry Level|Main;Room Types|Laundry|Yes;Room Types|Kitchen Level|Main;Room Types|Kitchen|Yes;Room Types|Family Room Level|Main;Room Types|Family Room|Yes;Room Types|Dining Room Level|Main;Room Types|Dining Room|Yes;Room Types|Bedroom Level|Upper;Room Types|Bedroom|Yes;Room Types|Bathroom Level|Upper;Security Features|Smoke Detector(s)|Yes;Sewer|Public Sewer|Yes;Utilities|Cable Available|Yes;Utilities|Fiber Optic Available|Yes;Utilities|Water Connected|Yes;Utilities|Natural Gas Connected|Yes;Utilities|Electricity Connected|Yes;Water Source|Public|Yes;Water Source|Well|Yes;Window Features|Display Window(s)|Yes;Window Features|Wood Frames|Yes;Window Features|Shutters|Yes;Lock Box Type|SentriLock|Yes;Levels|One and One Half|Yes;Special Listing Conditions|Standard|Yes;Showing Requirements|Call Listing Agent|Yes;Showing Requirements|ShowingTime|Yes;"
"2603063","Total Realty Source","(731) 574-9340","Lynda C Climer","","Commercial","Commercial Sale","Business","","","","2027-02-09","BU","2026-06-30","","","","A","2026-06-30","","","369000.00","339000.00","","","","1203","","Industrial Park","","","Road","South Fulton","TN","Obion","38257","","1","36.494757","-88.895612","2724.00","1997","286x207x253x268x405","","","","","2188.18","","","007 041.03","","","Christi Blackley & Greg Davidson","2026-07-05 15:38:40.072829","","Vacant","Excl Right to Sell","","","","","","","12.00","124.45","","2026-06-30","","","","","","","N","","3.0000","","","","","","","Y","Y","","This building is ready for occupancy with only the specific needs of the new owner required.  Easy access to the building with established businesses in the Industrial Park.  There is plenty of area for expansion on the 3 acres.    2 new 3 Ton split units with gas heat. There is a large 480 volt 3 phase fusible disconnect on side lot ready to power equipment or additional building.   Owners will consider a lease.   The terms can be negotiated.","","","","","","","","","","","Y","","","","","","","","1017.60","1170.58","1","","","","493","","","Commercial / Medical","","","N","","","","","N","","","http://cdn.photos.sparkplatform.com/ctn/20260705194307171827000000.jpg","2026-07-05 15:32:36.423385","44","","Building Features|# of Docks|0;Building Features|Covered Door|Yes;Building Features|Electric Voltage|110;Building Features|Ceiling Height|9;Building Features|Office Area|2,724;Building Features|Warehouse Area|0;Business Type|Accounting|Yes;Business Type|Professional Service|Yes;Business Type|Photographer|Yes;Business Type|Medical|Yes;Business Type|Health Services|Yes;Business Type|Dental|Yes;Business Type|Commercial|Yes;Business Type|Administrative and Support|Yes;Construction Materials|Synthetic Stucco|Yes;Cooling|Central Air|Yes;Electric|220 Volts|Yes;Fencing|None|Yes;Flooring|Carpet|Yes;Flooring|Tile|Yes;Flooring|Laminate|Yes;Flooring|Concrete|Yes;Foundation Details|Slab|Yes;Heating|Central|Yes;Heating|Natural Gas|Yes;Listing Terms|1031 Exchange|Yes;Listing Terms|Lease Option|Yes;Listing Terms|Conventional|Yes;Listing Terms|Cash|Yes;Lock Box Information|Lock Box Location|Back Door;Lock Box Information|Lock Box Serial Number|2310550;Possession|Close Of Escrow|Yes;Road Frontage Type|City Street|Yes;Road Surface Type|Asphalt|Yes;Roof|Shingle|Yes;Security Features|Carbon Monoxide Detector(s)|Yes;Sewer|Public Sewer|Yes;Utilities|Cable Available|Yes;Utilities|Water Connected|Yes;Utilities|Water Available|Yes;Utilities|Sewer Connected|Yes;Utilities|Electricity Connected|Yes;Utilities|Electricity Available|Yes;Water Source|Public|Yes;Location|Business Park|Yes;Lock Box Type|SentriLock|Yes;Special Listing Conditions|Standard|Yes;Showing Requirements|Appointment Only|Yes;Showing Requirements|ShowingTime|Yes;Showing Requirements|Call Listing Agent|Yes;"
"2603135","Total Realty Source","(731) 574-9340","Tamra L Jones","","Land","Land","Residential Lot","","","","2027-07-03","RL","2026-07-02","","","","A","2026-07-03","","","34000.00","34000.00","","","","0","","Quiet Oak","","","Lane","Camden","TN","Benton","38320","","","36.088032","-88.114502","","","1.67","","","","","85.33","None","Benton County","065 049.02","","","","2026-07-03 22:33:37.564729","","","Excl Right to Sell","","","","","","","","20359.28","","","","","","","","","","","1.6700","","","","","","N","","","","WELCOME TO CHASE WEST ESTATES  Discover the perfect place to build your dream home.  This beautiful new subdivision offers 18 lots.  This subdivision provides plenty of space for privacy and country living with the convenience of living just minutes from town.  Most of the lots will require basements. Roads have been roughed in (asphalt to come) Road signs have been installed.  Water and electricity are available.  Buyer will have to hook up and install septic system.  County taxes only. Does have Restrictive covenants.  Lots of trees.  Seller will sell lots with or without trees.  Perfect place to call home.","Lot 72. This property is a cove lot","","","","","","","","","","N","","","","","","","0.00","0.00","85.33","","","","","50","","","","","","N","","y","N","","N","","","http://cdn.photos.sparkplatform.com/ctn/20260704031113473234000000.jpg","","42","","Documents|Restrictive Covenants|Yes;Land Details|Pasture Area|0;Land Details|Greenbelt|No;Land Details|Tillable Area|0;Land Details|Wooded Area|1;Listing Terms|Cash|Yes;Listing Terms|Other|Yes;Listing Terms|Conventional|Yes;Other Equipment|Call Listing Agent|Yes;Possession|Close Of Escrow|Yes;Road Frontage Type|County Road|Yes;Road Surface Type|Gravel|Yes;Showing Information|Showing Contact Name|Tammy Jones;Showing Information|Showing Contact Phone|731-225-3158;Utilities|Electricity Available|Yes;Utilities|Water Available|Yes;Water Source|Public|Yes;Road Responsibility|Public Maintained Road|Yes;Special Listing Conditions|Standard|Yes;Showing Requirements|Call Listing Agent|Yes;"
"2603136","Total Realty Source","(731) 574-9340","Tamra L Jones","","Land","Land","Residential Lot","","","","2027-07-03","RL","2026-07-02","","","","A","2026-07-03","","","31000.00","31000.00","","","","0","","Quiet Oak","","","Lane","Camden","TN","Benton","38320","","","36.087825","-88.114497","","","1.16","","","","","85.33","None","Benton County","065 049.02","","I40 and 45 Bypass.  Take I40 East  Get off at Camden Exit go left Take that into Camden.  Turn Left on McKelvey. Subdivision on right.","","2026-07-03 22:34:57.581639","","","Excl Right to Sell","","","","","","","","26724.14","","","","","","","","","","","1.1600","","","","","","N","","","","WELCOME TO CHASE WEST ESTATES  Discover the perfect place to build your dream home.  This beautiful new subdivision offers 18 lots.  This subdivision provides plenty of space for privacy and country living with the convenience of living just minutes from town.  Most of the lots will require basements. Roads have been roughed in (asphalt to come) Road signs have been installed.  Water and electricity are available.  Buyer will have to hook up and install septic system.  County taxes only. Does have Restrictive covenants.  Lots of trees.  Seller will sell lots with or without trees.  Perfect place to call home.","Lot 73 This property is a corner lot.  Driveway could be on Quiet Oak Lane or Serenity","","","","","","","","","","N","","","","","","","0.00","0.00","85.33","","","","","50","","","","","","N","","y","N","","N","","","http://cdn.photos.sparkplatform.com/ctn/20260704032639725470000000.jpg","","42","","Documents|Restrictive Covenants|Yes;Land Details|Pasture Area|0;Land Details|Greenbelt|No;Land Details|Tillable Area|0;Land Details|Wooded Area|1;Listing Terms|Cash|Yes;Listing Terms|Other|Yes;Listing Terms|Conventional|Yes;Other Equipment|Call Listing Agent|Yes;Possession|Close Of Escrow|Yes;Road Frontage Type|County Road|Yes;Road Surface Type|Gravel|Yes;Showing Information|Showing Contact Name|Tammy Jones;Showing Information|Showing Contact Phone|731-225-3158;Utilities|Electricity Available|Yes;Utilities|Water Available|Yes;Water Source|Public|Yes;Road Responsibility|Public Maintained Road|Yes;Special Listing Conditions|Standard|Yes;Showing Requirements|Call Listing Agent|Yes;"
"2603618","Total Realty Source","(731) 574-9340","Lynda C Climer","","Commercial","Commercial Sale","Business","","","","2027-03-22","BU","2026-07-30","","","","A","2026-07-31","","","549000.00","549000.00","","","","1082","","US-45","","","Bypass","Jackson","TN","Madison","38301","1","1","35.632712","-88.846441","5940.00","1984","70x120","","","","","3323.30","","Jackson Madison Consolidated District","066N F 007.04","","Drive on Hwy 45 By-Pass So.  Property is on east side of the ByPass near Ritz Magic Wheels on service road","Capital Investments Trust","2026-07-31 16:21:09.663058","","Tenant","Excl Right to Sell","","","","","","0.00","15.00","92.42","","2026-07-23","","","","","","","N","","1.3000","","","Custom 4x4","","","","Y","Y","","This building is currently occupied by the previous owner with an active truck/auto repair business.  This business has been active for 20 years.   The Business owner would like to remain in the building and paying a monthly lease.   1082 Highway 45 Bypass and 1090 Highway 45 Bypass can be purchased in a package.   The Tenant in 1082 currently uses a portion of 1090 Hwy 45 Bypass for mechanic space and storage of personal automobiles.","","","","","","","","N","","","Y","","","","","","","","1537.00","1787.00","1","","","","70","4","","Commercial - Business Services","","","N","","","","","N","","","http://cdn.photos.sparkplatform.com/ctn/20260731205514704012000000.jpg","","14","","Building Features|High Speed Internet|Yes;Building Features|Electric Voltage|110;Building Features|Ceiling Height|11;Building Features|Office Area|350;Building Features|Retail Area|5,239;Building Features|Warehouse Area|3,552;Building Features|Ground Level Door|Yes;Building Features|# of Docks|0;Building Features|Security System|Yes;Business Type|Auto Stereo/Alarm|Yes;Business Type|Commercial|Yes;Business Type|Auto Tires|Yes;Business Type|Auto Service|Yes;Business Type|Auto Repair-Specialty|Yes;Business Type|Auto Parts|Yes;Business Type|Auto Rent/Lease|Yes;Business Type|Auto Glass|Yes;Business Type|Auto Body|Yes;Construction Materials|Brick|Yes;Cooling|Central Air|Yes;Electric|Circuit Breakers|Yes;Existing Lease Type|NNN|Yes;Fencing|Chain Link|Yes;Fencing|Partial|Yes;Fencing|Gate|Yes;Flooring|Concrete|Yes;Foundation Details|Slab|Yes;Heating|Central|Yes;Lease Details|Lease Amount|2,600;Lease Details|Lease Assignable YN|Yes;Lease Details|Lease Amount Frequency|Monthly;Listing Terms|Cash|Yes;Listing Terms|Conventional|Yes;Listing Terms|Contract|Yes;Possession|Close Of Escrow|Yes;Road Frontage Type|Other|Yes;Road Surface Type|Asphalt|Yes;Roof|Composition|Yes;Security Features|Carbon Monoxide Detector(s)|Yes;Sewer|Public Sewer|Yes;Showing Considerations|See Remarks|Yes;Showing Information|Showing Attended YN|Yes;Showing Information|Showing Instructions|There is an active business in this location.   Appointment with listing agent is required.;Showing Information|Showing Contact Phone|731-217-3827;Showing Information|Showing Contact Name|Lynda Climer;Tenant Pays|All Utilities|Yes;Tenant Pays|Water|Yes;Tenant Pays|Telephone|Yes;Tenant Pays|Trash Collection|Yes;Tenant Pays|Taxes|Yes;Tenant Pays|Sewer|Yes;Tenant Pays|Snow Removal|Yes;Tenant Pays|Roof Maintenance|Yes;Tenant Pays|Repairs|Yes;Tenant Pays|Pest Control|Yes;Tenant Pays|Janitorial Service|Yes;Tenant Pays|Insurance|Yes;Tenant Pays|HVAC Maintenance|Yes;Tenant Pays|Grounds Care|Yes;Tenant Pays|Gas|Yes;Tenant Pays|Exterior Maintenance|Yes;Tenant Pays|Electricity|Yes;Tenant Pays|Common Area Maintenance|Yes;Unit Details|Number Of Units Leased|1;Utilities|Electricity Available|Yes;Utilities|Water Connected|Yes;Utilities|Water Available|Yes;Utilities|Sewer Connected|Yes;Utilities|Sewer Available|Yes;Utilities|Phone Available|Yes;Water Source|Public|Yes;Location|Free Standing|Yes;Lock Box Type|Call Listing Office|Yes;Special Listing Conditions|Agent Owned|Yes;Showing Requirements|24 Hour Notice|Yes;Showing Requirements|No Lockbox|Yes;Showing Requirements|Call Listing Agent|Yes;Showing Requirements|Appointment Only|Yes;"
"2601721","Total Realty Source","(731) 574-9340","Tamra L Jones","","Residential","Residential","Single Family Residence","","","","2026-10-15","SF","2026-04-15","","","","A","2026-04-16","","","140000.00","125000.00","","Assessor","","117","W","Tickle","","","Street","Dyersburg","TN","Dyer","38024","1","","36.047471","-89.385108","1028.00","1956","50 X 184","2","1.00","1","0","660.56","Lauderdale","Dyersburg School District","088K A 007.00","","Hwy 412 and 104 turn right on Hwy 51 (N.Main) turn left on McGaughey St turn left on Troy and left on Tickle. House on right.","","2026-05-30 15:19:50.354117","","","Excl Right to Sell","","","","","","","2.00","121.60","","","","","","","","N","N","","0.2100","","","","","","N","Y","","","This 2 bedroom 1 bath would make a great starter home.  Payments will be cheaper than rent.  Spacious kitchen.  Some hardwood floors.  Nice size yard.  Great opportunity.","Please make sure light are turned off and doors are locked after showing.  Appreciate you showing.","","","","N","","N","N","","N","Y","","N","","","","","0.00","336.72","323.64","","","","1","","36","","","","","N","","N","N","","N","","","http://cdn.photos.sparkplatform.com/ctn/20260417002203034486000000.jpg","2026-05-30 15:19:50.316096","120","Kitchen:|||||;Primary Bedroom:|||||;Bedroom:|||||;","Construction Materials|Vinyl Siding|Yes;Cooling|Central Air|Yes;Documents|Lead Based Paint Disclosure|Yes;Documents|Property Exemption|Yes;Documents|Confirmation of Agency|Yes;Flooring|Carpet|Yes;Flooring|Hardwood|Yes;Interior Features|Eat-in Kitchen|Yes;Interior Features|Tub Shower Combo|Yes;Laundry Features|Washer Hookup|Yes;Listing Terms|Cash|Yes;Listing Terms|Conventional|Yes;Lock Box Information|Lock Box Location|Generic Lockbox on front door;Lock Box Information|Lock Box Serial Number|call or text agent;Lot Features|Level|Yes;Main Room Levels|Main Level Bathrooms|1;Main Room Levels|Main Level Bedrooms|2;Patio And Porch Features|Front Porch|Yes;Possession|Close Of Escrow|Yes;Road Frontage Type|City Street|Yes;Room Types|Bedroom|Yes;Room Types|Primary Bedroom Level|Main;Room Types|Primary Bedroom|Yes;Room Types|Kitchen Level|Main;Room Types|Kitchen|Yes;Room Types|Bedroom Level|Main;Showing Information|Showing Contact Name|Tammy Jones;Showing Information|Showing Instructions|Please text listing agent for code Make sure light are out and doors locked when leaving;Showing Information|Showing Contact Phone|731-225-3158;Water Source|Public|Yes;Lock Box Type|Call Listing Office|Yes;Lock Box Type|SentriLock|Yes;Levels|One|Yes;Special Listing Conditions|Standard|Yes;Showing Requirements|ShowingTime|Yes;Showing Requirements|Text Listing Agent|Yes;"
"2602050","Total Realty Source","(731) 574-9340","Tamra L Jones","","Land","Land","Unimproved Land","","","","2026-10-04","UL","2026-05-03","","","","A","2026-05-04","","","65000.00","53900.00","","","","23/24","","Channing","","","Way","Camden","TN","Benton","38320","","","36.0768","-88.120678","","","247x270x208x263 and 208x168x106x168x157","","","","","128.42","None","Benton County","065 047.36 and 065 047.37","","I40 and Bypass.  Take I40 toward Nashville.  Go to Exit 126 (Camden/Paris/Parsons) turn left  641 North towards Camden, turn left on Carriage House Dr. This Road turns into Channing Way.  Lots on left as you enter Hunter Chase Estates.","","2026-07-25 12:30:53.039837","","","Excl Right to Sell","","","","","","","","","","","","","","","","","","","","","","","","","N","","","","Two wonderful lots in Hunter Chase Estates in Camden ready for you to build your dream home.  County taxes only.   Such a fabulous area.","Lots 23 and 24 Hunter Chase Estates","","","","","","","","","","N","","","","","","","0.00","0.00","128.42","","","","","208","","","","","","N","","","N","","","","","http://cdn.photos.sparkplatform.com/ctn/20260505034037893578000000.jpg","2026-07-25 12:24:09.619451","102","","Land Details|Pasture Area|0;Land Details|Tillable Area|0;Land Details|Wooded Area|0;Listing Terms|Cash|Yes;Lot Features|Corner Lot|Yes;Possession|Close Of Escrow|Yes;Showing Information|Showing Instructions|Please call listing agent with any questions;Road Responsibility|Public Maintained Road|Yes;Special Listing Conditions|Standard|Yes;Showing Requirements|Call Listing Agent|Yes;"
"2602217","Total Realty Source","(731) 574-9340","Tamra L Jones","","Residential","Residential","Single Family Residence","","","","2026-11-13","SF","2026-05-13","","","","A","2026-05-13","","","240000.00","215000.00","","Assessor","","205","","Bryce","","","Cove","Medina","TN","Gibson","38355","1","","35.803253","-88.768225","1223.00","1980","106X78 IRR","3","2.00","2","0","1188.57","Twin Coves","Gibson County Special District","176G C 006.13","","From Jackson:  Oil Well Rd and Bypass.  Take 45 Bypass toward Medina/Milan.  When you get to Medina go to right on Main St.  Turn Right onto E. Church St, turn left onto Mays St and left on Bryce Cove.  House on the right.","","2026-08-12 22:55:45.975215","","Owner","Excl Right to Sell","","","","","","","4.00","175.80","","","","","","N","Y","N","N","","0.0000","","","","N","","N","Y","Y","","Move in Ready!  Motivated Sellers!  Renovated 3 bedroom 2 bath home in the heart of Medina.  Home has LVP flooring throughout.  No carpet.  Spacious living room.  Kitchen with eating area and lots of cabinet space.  Master bath has walk in shower. Enjoy large deck  out back for entertaining or just relaxing.  Corner lot.  Fenced in back yard.  Storage Building has electricity.   Roof is less than one year old. HVAC 4 years old You Don't want to miss this one!","Some recent upgrades. Please make sure all doors locked and lights out when leaving. Refrigerator, washer, dryer or personal belongings do not stay.","","","","N","N","N","N","","","Y","","N","","1.00","","","496.23","376.70","315.65","","","","1","","B","","","","","N","N","N","N","","N","","","http://cdn.photos.sparkplatform.com/ctn/20260813020004027437000000.jpg","2026-07-29 15:26:12.842661","92","Kitchen:|||||;Primary Bedroom:|||||;Bedroom:|||||;Bedroom:|||||;Living Room:|||||;Laundry:|||||;","Appliances|Dishwasher|Yes;Attic Features|Pull-Down Stairs|Yes;Construction Materials|Vinyl Siding|Yes;Cooling|Central Air|Yes;Documents|Confirmation of Agency|Yes;Documents|Property Disclosure|Yes;Exterior Features|Rain Gutters|Yes;Fencing|Wire|Yes;Flooring|Luxury Vinyl|Yes;Heating|Central|Yes;Interior Features|Tub Shower Combo|Yes;Laundry Features|Laundry Room|Yes;Listing Terms|Cash|Yes;Listing Terms|VA Loan|Yes;Listing Terms|USDA Loan|Yes;Listing Terms|FHA|Yes;Listing Terms|Conventional|Yes;Lock Box Information|Lock Box Location|Carport door;Lot Features|Corner Lot|Yes;Main Room Levels|Main Level Bathrooms|2;Main Room Levels|Main Level Bedrooms|3;Other Structures|Storage|Yes;Patio And Porch Features|Deck|Yes;Possession|Close Of Escrow|Yes;Road Frontage Type|City Street|Yes;Room Types|Bedroom|Yes;Room Types|Primary Bedroom Level|Main;Room Types|Primary Bedroom|Yes;Room Types|Living Room Level|Main;Room Types|Living Room|Yes;Room Types|Laundry Level|Main;Room Types|Laundry|Yes;Room Types|Kitchen Level|Main;Room Types|Kitchen|Yes;Room Types|Bedroom Level|Main;Sewer|Public Sewer|Yes;Showing Considerations|See Remarks|Yes;Showing Information|Showing Contact Name|Tammy Jones;Showing Information|Showing Instructions|Please contact me for code to enter home;Showing Information|Showing Contact Phone|731-225-3158;Water Source|Public|Yes;Lock Box Type|Combo|Yes;Levels|One|Yes;Special Listing Conditions|Standard|Yes;Showing Requirements|Call Listing Agent|Yes;Showing Requirements|Text Listing Agent|Yes;Showing Requirements|ShowingTime|Yes;"
"2505592","Total Realty Source","(731) 574-9340","Brandie Bassett","","Land","Land","Farm","","","","2026-08-21","FA","2025-11-24","","","","A","2025-11-26","","","70000.00","65000.00","","","","0","","B J Woodson","","","Lane","Clifton","TN","Hardin","38425","","","35.380879","-87.943747","","","874,246","","","","","112.88","None","Hardin County Schools","025    003.05","Ross Creek Ridge Phase 4, LOT 91","","Pierik","2026-01-14 14:39:12.447558","","","Excl Right to Sell","","","","","","","","3238.66","","","","","","","","","","","20.0700","","","","","","N","","","","Bring your house plans, camper, or weekend toys - this 20.07 +/- acre tract on BJ Woodson Ln gives you room to breathe and play. Tucked outside the city limits in the Ross Creek Ridge area of Clifton, the property offers a private gravel road entrance with approx. 596' of frontage and a mix of rolling hardwoods with a small open area that would make an ideal homesite, garden, or food plot. Mostly wooded (roughly 19 acres) in natural growth, it feels like your own private park - perfect for hunting, hiking, or just unplugging for the weekend. Light protective covenants help keep the area looking nice while still letting you create your own vision. You're a short drive from the historic river town of Clifton, the Tennessee River, marina/boat ramps, and Ross Creek Landing golf course. No known leases of any kind on the property; buyer to verify utilities, soil work, and any HOA/POA dues or restrictions that may apply.","Tract is in the Ross Creek Ridge area. Some lots in this subdivision have an active HOA/POA and recorded restrictions. Buyer/agent to verify if this parcel is subject to an HOA/POA, any dues, road maintenance, and all covenants/restrictions. Buyer to verify utilities, soil work, and all information deemed important.","","","","","","","","N","","N","","","","","","","","0.00","112.88","","","","","596","459/65","","","","025    003.05","N","N","y","Y","","N","","","http://cdn.photos.sparkplatform.com/ctn/20251126225750946188000000.jpg","2026-01-14 14:39:12.405181","262","","Documents|ASCS Map|Yes;Documents|Restrictive Covenants|Yes;Land Details|Pasture Area|0;Land Details|Greenbelt|No;Land Details|Mineral Lease YN|No;Land Details|Hunting Lease YN|No;Land Details|CRP Lease YN|No;Land Details|Billboard/Sign Lease YN/Tower|No;Land Details|Tillable Area|1.07;Land Details|Habitable Residence YN|Yes;Land Details|Crops Included YN|No;Land Details|Wooded Area|19;Listing Terms|Cash|Yes;Listing Terms|Other|Yes;Listing Terms|Conventional|Yes;Lot Features|Agricultural|Yes;Lot Features|Wooded|Yes;Lot Features|Sloped|Yes;Lot Features|Secluded|Yes;Parking Features|Unpaved|Yes;Possession|Close Of Escrow|Yes;Road Frontage Type|Private Road|Yes;Road Surface Type|Gravel|Yes;Sewer|Unknown|Yes;Showing Information|Showing Contact Phone|7316952785;Vegetation|Natural State|Yes;Vegetation|Wooded|Yes;View|Other|Yes;Road Responsibility|Private Maintained Road|Yes;Special Listing Conditions|Standard|Yes;Showing Requirements|No Sign|Yes;"
"2603119","Total Realty Source","(731) 574-9340","Tamra L Jones","","Land","Land","Residential Lot","","","","2027-07-03","RL","2026-07-02","","","","A","2026-07-02","","","42000.00","42000.00","","","","0","","Serenity","","","Drive","Camden","TN","Benton","38320","","","36.088759","-88.119369","","","2.50","","","","","85.33","None","Benton County","065 049.02","","Hwy 45 bypass and I40.  Take I40 East  to Camden Exit go left on Hwy 641 North. In Camden turn left on McKelvey Rd. Property on right.","","2026-07-03 21:11:38.167198","","","Excl Right to Sell","","","","","","","","16800.00","","","","","","","","","","","2.5000","","","","","","N","","","","WELCOME TO CHASE WEST ESTATES Lot 66 Discover the perfect place to build your dream home.  This beautiful new subdivision offers 18 lots.  This subdivision provides plenty of space for privacy and country living with the convenience of living just minutes from town.  Most of the lots will require basements. Roads have been roughed in (asphalt to come) Road signs have been installed.  Water and electricity are available.  Buyer will have to hook up and install septic system.  County taxes only. Does have Restrictive covenants.  Lots of trees.  Seller will sell lots with or without trees.  Perfect place to call home.","Lot 66","","","","","","","","","","N","","","","","","","0.00","0.00","85.33","","","","","300","","","","","","N","","y","N","","N","","","http://cdn.photos.sparkplatform.com/ctn/20260703035249918372000000.jpg","","42","","Documents|Restrictive Covenants|Yes;Land Details|Pasture Area|0;Land Details|Greenbelt|No;Land Details|Tillable Area|0;Land Details|Wooded Area|2.5;Listing Terms|Cash|Yes;Listing Terms|Other|Yes;Listing Terms|Conventional|Yes;Possession|Close Of Escrow|Yes;Road Frontage Type|County Road|Yes;Road Surface Type|Gravel|Yes;Showing Information|Showing Contact Name|Tammy Jones;Showing Information|Showing Contact Phone|731-225-3158;Utilities|Electricity Available|Yes;Utilities|Water Available|Yes;Water Source|Public|Yes;Road Responsibility|Public Maintained Road|Yes;Special Listing Conditions|Standard|Yes;Showing Requirements|Call Listing Agent|Yes;"
"2603120","Total Realty Source","(731) 574-9340","Tamra L Jones","","Land","Land","Residential Lot","","","","2027-07-03","RL","2026-07-02","","","","A","2026-07-02","","","34000.00","34000.00","","","","0","","Serenity","","","Drive","Camden","TN","Benton","38320","","","36.087434","-88.118728","","","1.55","","","","","85.33","None","Benton County","065    049.02","Timber Plan 2015-2024","Hwy 45 Bypass and I40.  Go I40 East to Camden Exit.  Go left on 641 North.  After you arrive in Camden turn left on McKelvey Rd. Subdivision on right.","","2026-07-03 21:10:11.412472","","","Excl Right to Sell","","","","","","","","21935.48","","","","","","","","","","","1.5500","","","","","","N","","","","WELCOME TO CHASE WEST ESTATES Lot 70  Discover the perfect place to build your dream home.  This beautiful new subdivision offers 18 lots.  This subdivision provides plenty of space for privacy and country living with the convenience of living just minutes from town.  Most of the lots will require basements. Roads have been roughed in (asphalt to come) Road signs have been installed.  Water and electricity are available.  Buyer will have to hook up and install septic system.  County taxes only. Does have Restrictive covenants.  Lots of trees.  Seller will sell lots with or without trees.  Perfect place to call home.","Lot 70","","","","","","","","","","N","","","","","","","0.00","0.00","85.33","","","","","150","","","","","","N","","y","N","","N","","","http://cdn.photos.sparkplatform.com/ctn/20260703041402557846000000.jpg","","42","","Documents|Restrictive Covenants|Yes;Land Details|Pasture Area|0;Land Details|Greenbelt|No;Land Details|Tillable Area|0;Land Details|Wooded Area|1.55;Listing Terms|Cash|Yes;Listing Terms|Other|Yes;Listing Terms|Conventional|Yes;Other Equipment|Call Listing Agent|Yes;Possession|Close Of Escrow|Yes;Road Frontage Type|County Road|Yes;Road Surface Type|Gravel|Yes;Showing Information|Showing Contact Name|Tammy Jones;Showing Information|Showing Contact Phone|731-225-3158;Utilities|Electricity Available|Yes;Utilities|Water Available|Yes;Water Source|Public|Yes;Road Responsibility|Public Maintained Road|Yes;Special Listing Conditions|Standard|Yes;Showing Requirements|Call Listing Agent|Yes;"
"2600665","Total Realty Source","(731) 574-9340","Brandie Bassett","","Residential","Residential","Single Family Residence","","","","2026-08-19","SF","2026-02-18","","","2026-05-18","A","2026-05-19","","","260000.00","250000.00","","Assessor","","57","","Wakefield","","","Cove","Jackson","TN","Madison","38305","1","","35.709321","-88.867634","1770.00","1996","42.12X123X203.63X213.57","2","2.00","2","0","1971.64","None","Jackson Madison Consolidated District","033H B 010.00","","","","2026-05-19 13:14:54.561738","","Vacant","Excl Right to Sell","","","","","2.00","","2.00","141.24","","","","","","N","N","N","N","","0.0000","","","","N","N","N","Y","Y","","Spacious, move-in ready home in North Jackson! 57 Wakefield Cv. offers 2 bedrooms, 2 full baths, 1,770 sq ft, plus a garage. You'll love the open living area with a fireplace, updated vinyl flooring, and light neutral finishes. Kitchen includes  built-in appliances, a pass-through with bar seating for easy everyday living. Spacious laundry area, main floor bedrooms, and a great backyard setup featuring a covered patio, privacy fence, and storage shed. Comfortable layout and tons of usable space?call Listing Agent Today for your private tour!","HVAC 2023","","","Y","N","N","Y","Y","N","N","Y","","Y","","","","","0.00","911.65","1059.99","","","1","1","","6","","","","","N","N","N","N","N","N","","","http://cdn.photos.sparkplatform.com/ctn/20260218185109815955000000.jpg","2026-03-16 22:05:54.916257","137","Kitchen:|||||;Primary Bedroom:|||||;Bedroom:|||||;Den:|||||;Living Room:|||||;Bathroom:|||||;Primary Bathroom:|||||;Laundry:|||||;","Accessibility Features|Accessible Full Bath|Yes;Appliances|Built-In Electric Oven|Yes;Appliances|Washer|Yes;Appliances|Microwave|Yes;Appliances|Electric Cooktop|Yes;Appliances|Dishwasher|Yes;Appliances|Dryer|Yes;Attic Features|Partially Floored|Yes;Ceiling Heights|8 Foot|Yes;Construction Materials|Brick|Yes;Cooling|Central Air|Yes;Cooling|Ceiling Fan(s)|Yes;Documents|Confirmation of Agency|Yes;Documents|Property Exemption|Yes;Fencing|Wood|Yes;Fireplace Features|Other|Yes;Flooring|Luxury Vinyl|Yes;Foundation Details|Slab|Yes;Heating|Central|Yes;Interior Features|Ceiling Fan(s)|Yes;Interior Features|Tub Shower Combo|Yes;Interior Features|Laminate Counters|Yes;Laundry Features|Electric Dryer Hookup|Yes;Laundry Features|Laundry Room|Yes;Listing Terms|Cash|Yes;Listing Terms|VA Loan|Yes;Listing Terms|FHA Eligibility|Approved;Listing Terms|FHA|Yes;Listing Terms|Conventional|Yes;Lock Box Information|Lock Box Location|Front Door;Lock Box Information|Lock Box Serial Number|2310401;Lot Features|Cul-De-Sac|Yes;Main Room Levels|Main Level Bathrooms|2;Main Room Levels|Main Level Bedrooms|2;Other Structures|Shed(s)|Yes;Other Structures|Storage|Yes;Parking Features|Open|Yes;Parking Information|Open Parking Spaces|4;Parking Information|Open Parking YN|Yes;Patio And Porch Features|Covered|Yes;Patio And Porch Features|Patio|Yes;Possession|Close Of Escrow|Yes;Road Frontage Type|City Street|Yes;Road Responsibility|Public Maintained Road|Yes;Road Surface Type|Asphalt|Yes;Roof|Architectural|Yes;Room Types|Bathroom|Yes;Room Types|Primary Bedroom Level|Main;Room Types|Primary Bedroom|Yes;Room Types|Primary Bathroom Level|Main;Room Types|Primary Bathroom|Yes;Room Types|Living Room Level|Main;Room Types|Living Room|Yes;Room Types|Laundry Level|Main;Room Types|Laundry|Yes;Room Types|Kitchen Level|Main;Room Types|Kitchen|Yes;Room Types|Den Level|Main;Room Types|Den|Yes;Room Types|Bedroom Level|Main;Room Types|Bedroom|Yes;Room Types|Bathroom Level|Main;Security Features|Smoke Detector(s)|Yes;Sewer|Public Sewer|Yes;Showing Information|Showing Attended YN|No;Showing Information|Showing Contact Phone|7316952785;Showing Information|Showing Contact Name|Brandie Bassett;Utilities|Cable Available|Yes;Utilities|Fiber Optic Available|Yes;Utilities|Natural Gas Available|Yes;Utilities|Electricity Connected|Yes;Water Source|Public|Yes;Lock Box Type|SentriLock|Yes;Levels|One|Yes;Special Listing Conditions|Standard|Yes;Showing Requirements|ShowingTime|Yes;Showing Requirements|Call Appointment Center|Yes;Showing Requirements|Text Listing Agent|Yes;"
"2603143","Total Realty Source","(731) 574-9340","Tamra L Jones","","Land","Land","Residential Lot","","","","2027-07-03","RL","2026-07-02","","","","A","2026-07-04","","","31000.00","31000.00","","","","0","","Zachary","","","Lane","Camden","TN","Benton","38320","","","36.088021","-88.114559","","",".96","","","","","85.33","None","Benton County","065    049.02","Timber Plan 2015-2024","I40 and 45 Bypass.  Take I40 East.  Exit Camden Ramp go left. Take 641 until you get to Camden.  Turn Left on McKelvey subdivision will be on the righ.","","2026-07-04 19:31:34.873358","","","Excl Right to Sell","","","","","","","","32291.67","","","","","","","","","","","0.9600","","","","","","N","","","","WELCOME TO CHASE WEST ESTATES  Discover the perfect place to build your dream home.  This beautiful new subdivision offers 18 lots.  This subdivision provides plenty of space for privacy and country living with the convenience of living just minutes from town.  Most of the lots will require basements. Roads have been roughed in (asphalt to come) Road signs have been installed.  Water and electricity are available.  Buyer will have to hook up and install septic system.  County taxes only. Does have Restrictive covenants.  Lots of trees.  Seller will sell lots with or without trees.  Perfect place to call home.","Lot 75. This property is a corner lot.  Driveway could be on Zachary, Whispering Hills or Serenity","","","","","","","","","","N","","","","","","","0.00","0.00","85.33","","","","","0","","","","","","N","","y","N","","N","","","http://cdn.photos.sparkplatform.com/ctn/20260705002658687410000000.jpg","","42","","Documents|Restrictive Covenants|Yes;Land Details|Pasture Area|0;Land Details|Greenbelt|No;Land Details|Tillable Area|0;Land Details|Wooded Area|1;Listing Terms|Cash|Yes;Listing Terms|Other|Yes;Listing Terms|Conventional|Yes;Lot Features|Corner Lot|Yes;Other Equipment|Call Listing Agent|Yes;Possession|Close Of Escrow|Yes;Road Frontage Type|County Road|Yes;Road Surface Type|Gravel|Yes;Showing Information|Showing Contact Name|Tammy Jones;Showing Information|Showing Contact Phone|731-225-3158;Utilities|Electricity Available|Yes;Utilities|Water Available|Yes;Water Source|Public|Yes;Road Responsibility|Public Maintained Road|Yes;Special Listing Conditions|Standard|Yes;Showing Requirements|Call Listing Agent|Yes;"
"2603145","Total Realty Source","(731) 574-9340","Tamra L Jones","","Land","Land","Residential Lot","","","","2027-07-03","RL","2026-07-02","","","","A","2026-07-04","","","35000.00","35000.00","","","","0","","Whispering Hills","","","Drive","Camden","TN","Benton","38320","","","36.087923","-88.114843","","","1.53","","","","","85.33","None","Benton County","065 049.02","","I40 and 45 Bypass.  Take I40 East to Camden Exit.  Go left.  Stay on 641 to Camden.  Turn Left on McKelvey Rd.  Subdivision is on the Right","","2026-07-04 20:00:07.255461","","","Excl Right to Sell","","","","","","","","22875.82","","","","","","","","","","","1.5300","","","","","","N","","","","WELCOME TO CHASE WEST ESTATES  Discover the perfect place to build your dream home.  This beautiful new subdivision offers 18 lots.  This subdivision provides plenty of space for privacy and country living with the convenience of living just minutes from town.  Most of the lots will require basements. Roads have been roughed in (asphalt to come) Road signs have been installed.  Water and electricity are available.  Buyer will have to hook up and install septic system.  County taxes only. Does have Restrictive covenants.  Lots of trees.  Seller will sell lots with or without trees.  Perfect place to call home.","Lot 78 This property is a corner lot.","","","","","","","","","","N","","","","","","","0.00","0.00","85.33","","","","","0","","","","","","N","","y","N","","N","","","http://cdn.photos.sparkplatform.com/ctn/20260705004549061066000000.jpg","","42","","Documents|Restrictive Covenants|Yes;Land Details|Pasture Area|0;Land Details|Greenbelt|No;Land Details|Tillable Area|0;Land Details|Wooded Area|1;Listing Terms|Cash|Yes;Listing Terms|Other|Yes;Listing Terms|Conventional|Yes;Lot Features|Corner Lot|Yes;Other Equipment|Call Listing Agent|Yes;Possession|Close Of Escrow|Yes;Road Frontage Type|County Road|Yes;Road Surface Type|Gravel|Yes;Showing Information|Showing Contact Name|Tammy Jones;Showing Information|Showing Contact Phone|731-225-3158;Utilities|Electricity Available|Yes;Utilities|Water Available|Yes;Water Source|Public|Yes;Road Responsibility|Public Maintained Road|Yes;Special Listing Conditions|Standard|Yes;Showing Requirements|Call Listing Agent|Yes;"
"2602132","Total Realty Source","(731) 574-9340","Lynda C Climer","","Commercial","Commercial Sale","Unimproved Land","","","","2027-04-24","UL","2026-05-07","","","","A","2026-05-09","","","499000.00","499000.00","","","","79","","Innsdale","","","Cove","Jackson","TN","Madison","38305","0","","35.671082","-88.833478","0.00","2006","290 x 150 x 282 x 253","","","","","7151.22","","Jackson Madison Consolidated District","055D D 011.01","","From I 40, turn onto No Highland Avenue, turn left onto Vann Drive then left onto Innsdale Cove.  Sherwin Williams is on the corner.","","2026-06-06 16:34:56.120078","","","Excl Right to Sell","","","","","","8406.00","0.00","","","","","","","","","","N","","1.8000","","","","","","","","","","This convenient building lot will be perfect for a strip center or stand-alone Retail use.   Vann Drive is a well-established retail location with easy access from I-40 and North Highland Avenue.  It is visible from I-40 and Cracker Barrell.   There is a 30ft. drainage easement across the lot and a 17' x 20' sign easement on the Interstate side.  This area can be used as parking.","The Owner will consider a short term lease purchase.","","","","","","","","","","Y","","","","","","","","3307.00","3845.00","0","","","","320","7","","PLANNED COMM DV","","","N","","","","","","","","http://cdn.photos.sparkplatform.com/ctn/20260509190124866851000000.jpg","","98","","Building Features|Warehouse Area|0;Building Features|Office Area|0;Business Type|Accounting|Yes;Business Type|Flex Space|Yes;Business Type|Variety|Yes;Business Type|Pizza|Yes;Business Type|Pet Store|Yes;Business Type|Paints|Yes;Business Type|Music|Yes;Business Type|Medical|Yes;Business Type|Liquor Store|Yes;Business Type|Locksmith|Yes;Business Type|Jewelry|Yes;Business Type|Ice Cream/Frozen Yogurt|Yes;Business Type|Health Food|Yes;Business Type|Electronics|Yes;Business Type|Dental|Yes;Business Type|Clothing|Yes;Business Type|Bakery|Yes;Business Type|Arts and Entertainment|Yes;Possession|Close Of Escrow|Yes;Road Frontage Type|City Street|Yes;Road Surface Type|Asphalt|Yes;Utilities|Cable Available|Yes;Utilities|Fiber Optic Available|Yes;Utilities|Water Available|Yes;Utilities|Underground Utilities|Yes;Utilities|Sewer Available|Yes;Utilities|Phone Available|Yes;Utilities|Natural Gas Available|Yes;Utilities|Electricity Available|Yes;Water Source|Public|Yes;Location|General Business District|Yes;Lock Box Type|None|Yes;Special Listing Conditions|Standard|Yes;Showing Requirements|Call Listing Agent|Yes;"
"2602736","Total Realty Source","(731) 574-9340","Lisa Ann Ballinger","","Residential","Residential","Single Family Residence","","","","2026-12-11","SF","2026-06-10","","","","A","2026-06-11","","","319900.00","309900.00","","Assessor","","344","","Alamo","","","Highway","Trenton","TN","Gibson","38382","1","","35.933099","-88.993721","2278.00","1988","1.2 Acres","3","3.00","3","0","1188.30","None","Trenton School District","128    016.00","","","Richard & Lisa Ann Ballinger","2026-07-18 00:48:04.349243","","Vacant","Excl Right to Sell","","","","","","","4.00","136.04","","","","","","N","N","Y","N","","1.2000","","","","N","N","N","Y","Y","","Completely Renovated 3 Bedroom, 3 Bathroom Home Nestled on 1 Acre, No City Taxes!  Home Features New Roof, Hot Water Heater, Windows, Flooring, Vanities.  Relax in the Large Living Room with Beautiful Stone Accent Wall or on the Large New Deck overlooking the Neighboring Pond, Field and Horses.  Kitchen Features New Cabinets and Granite Countertops, New Oven/Range, Microwave, Dishwasher, Sink and Faucet.  Off of the Kitchen is the Laundry Room that has Cabinets and Closet for Extra Storage and still Room for Extra Cabinets, etc.  There is a door leading to the back deck from the Laundry Room and the 3rd Bathroom is off of Laundry Room.  The Primary Suite offers a Large Walk-In Closet and Large Primary Bathroom with New Double Vanity, Toilet.  There is a Very Large Bonus Room with Barn Door that would be perfect for Entertaining, Music Room, Play/Game Room, Exercise Room, Etc.  Limitless Opportunities in this Home!  Property is Fenced in and Ready for Horses or Chickens.  There is a Shed for Extra Storage.  New Flooring and Light Fixtures throughout are just a few of the finishing touches here.  This one won't last, call today for your Private Showing.","Agent Owned","","","","N","N","N","N","N","","N","","N","","","","","753.73","0.00","434.57","","","","1","","872","","","","","N","N","N","N","N","N","","","http://cdn.photos.sparkplatform.com/ctn/20260611190409945319000000.jpg","2026-07-18 00:48:04.310958","64","Kitchen:|||||;Primary Bedroom:|||||;Great Room:|||||;Den:|||||;Bedroom:|||||;Bedroom:|||||;Laundry:|||||;","Appliances|Dishwasher|Yes;Appliances|Microwave Vent Hood|Yes;Appliances|Microwave|Yes;Appliances|Gas Water Heater|Yes;Appliances|Electric Range|Yes;Appliances|Electric Cooktop|Yes;Attic Features|Partially Floored|Yes;Attic Features|Pull-Down Stairs|Yes;Construction Materials|Stone|Yes;Construction Materials|Vinyl Siding|Yes;Cooling|Central Air|Yes;Cooling|Ceiling Fan(s)|Yes;Exterior Features|Rain Gutters|Yes;Fencing|Cross Fenced|Yes;Fencing|Wire|Yes;Flooring|Laminate|Yes;Flooring|Tile|Yes;Foundation Details|Slab|Yes;Heating|Central|Yes;Heating|Natural Gas|Yes;Interior Features|Cathedral Ceiling(s)|Yes;Interior Features|Tub Shower Combo|Yes;Interior Features|Walk-In Closet(s)|Yes;Interior Features|Vaulted Ceiling(s)|Yes;Interior Features|Open Floorplan|Yes;Interior Features|Granite Counters|Yes;Interior Features|Eat-in Kitchen|Yes;Interior Features|Double Vanity|Yes;Interior Features|Crown Molding|Yes;Interior Features|Ceiling Fan(s)|Yes;Laundry Features|Electric Dryer Hookup|Yes;Laundry Features|Washer Hookup|Yes;Laundry Features|Laundry Room|Yes;Listing Terms|Cash|Yes;Listing Terms|VA Loan|Yes;Listing Terms|FHA|Yes;Listing Terms|Conventional|Yes;Lock Box Information|Lock Box Location|Front Door;Lock Box Information|Lock Box Serial Number|2310378;Lot Features|Corner Lot|Yes;Main Room Levels|Main Level Bathrooms|3;Main Room Levels|Main Level Bedrooms|3;Other Structures|Shed(s)|Yes;Parking Features|Open|Yes;Parking Information|Open Parking Spaces|4;Parking Information|Open Parking YN|Yes;Patio And Porch Features|Deck|Yes;Possession|Close Of Escrow|Yes;Road Frontage Type|Highway|Yes;Road Responsibility|Public Maintained Road|Yes;Roof|Architectural|Yes;Room Types|Bedroom|Yes;Room Types|Primary Bedroom Level|Main;Room Types|Primary Bedroom|Yes;Room Types|Laundry Level|Main;Room Types|Laundry|Yes;Room Types|Kitchen Level|Main;Room Types|Kitchen|Yes;Room Types|Great Room Level|Main;Room Types|Great Room|Yes;Room Types|Den Level|Main;Room Types|Den|Yes;Room Types|Bedroom Level|Main;Sewer|Septic Tank|Yes;Water Source|Public|Yes;Window Features|Vinyl Frames|Yes;Lock Box Type|SentriLock|Yes;Levels|One|Yes;Special Listing Conditions|Agent Owned|Yes;Showing Requirements|Call Listing Agent|Yes;"
"2506001","Total Realty Source","(731) 574-9340","Amy McLemore","","Land","Land","Unimproved Land","","","","2026-12-30","UL","2025-12-30","","","","A","2025-12-30","","","174900.00","174900.00","","","","0","N","Central","","","Avenue","Humboldt","TN","Gibson","38343","","","35.858254","-88.920188","","","6.88 ac.","","","","","448.42","None","","028.05","","From the intersection of N Central Ave/45W and 70A-79, go north on N Central Ave/45W. In 1.6 miles the property will be on the left. It is located in between 2907 N Central Ave and 2911 N Central Ave.","Judy McKnight Kail","2025-12-30 20:23:52.629833","","","Excl Right to Sell","","","","","","","","25421.51","","","","","","","","","","","6.8800","","","","","","N","","","","Approximately 6.88 acres of wooded land located along N Central Ave / US-45W in Humboldt. Zoned Residential - Household Units, this property offers flexibility for a residential homesite or future development opportunity (buyer to verify zoning and intended use). The tract is heavily wooded, and any proposed construction would require clearing for a homesite. Utilities are available at the street, including gas and water through Humboldt Utilities, and electricity, internet, and phone service through Gibson Electric Membership Corporation. A septic system would be required. Conveniently located within the city limits with access to shopping, dining, schools, and other local amenities. Property boundaries shown are approximate and for reference only. Timber value has not been appraised.","","","","","","","","","N","","Y","","","","","","","0.00","310.31","138.11","","","","","427","","","Residential - Household Units","","156    028.05","N","N","N","Y","","N","","","http://cdn.photos.sparkplatform.com/ctn/20251231015436589429000000.jpg","","226","","Documents|Aerial Photo|Yes;Fencing|Partial|Yes;Land Details|Pasture Area|0;Land Details|Greenbelt|No;Land Details|Mineral Lease YN|No;Land Details|Hunting Lease YN|No;Land Details|CRP Lease YN|No;Land Details|Billboard/Sign Lease YN/Tower|No;Land Details|Tillable Area|0;Land Details|Habitable Residence YN|No;Land Details|Wooded Area|6.88;Lot Features|Level|Yes;Lot Features|Wooded|Yes;Possession|Close Of Escrow|Yes;Road Frontage Type|Highway|Yes;Road Surface Type|Asphalt|Yes;Showing Information|Showing Attended YN|No;Utilities|Cable Available|Yes;Utilities|Fiber Optic Available|Yes;Utilities|Water Available|Yes;Utilities|Phone Available|Yes;Utilities|Natural Gas Available|Yes;Utilities|Electricity Available|Yes;Vegetation|Heavily Wooded|Yes;View|Other|Yes;Water Source|Public|Yes;Road Responsibility|Public Maintained Road|Yes;Special Listing Conditions|Standard|Yes;Showing Requirements|Text Listing Agent|Yes;"
"2603146","Total Realty Source","(731) 574-9340","Tamra L Jones","","Land","Land","Residential Lot","","","","2027-07-03","RL","2026-07-02","","","","A","2026-07-04","","","33000.00","33000.00","","","","0","","Zachary","","","Lane","Camden","TN","Benton","38320","","","36.087851","-88.114762","","","1.21","","","","","85.33","None","Benton County","065 049.02","","I40 and 45 Bypass.  Take I40 East.  Exit at Camden ramp.  Go Left. Take 641 to Camden.  Turn Left on McKelvey Rd.  Subdivision on right.","","2026-07-04 20:12:51.842924","","","Excl Right to Sell","","","","","","","","27272.73","","","","","","","","","","","1.2100","","","","","","N","","","","WELCOME TO CHASE WEST ESTATES  Lot 74  Discover the perfect place to build your dream home.  This beautiful new subdivision offers 18 lots.  This subdivision provides plenty of space for privacy and country living with the convenience of living just minutes from town.  Most of the lots will require basements. Roads have been roughed in (asphalt to come) Road signs have been installed.  Water and electricity are available.  Buyer will have to hook up and install septic system.  County taxes only. Does have Restrictive covenants.  Lots of trees.  Seller will sell lots with or without trees.  Perfect place to call home.","Lot 74.","","","","","","","","","","N","","","","","","","0.00","0.00","85.33","","","","","200","","","","","","N","","y","N","","N","","","http://cdn.photos.sparkplatform.com/ctn/20260705010431866185000000.jpg","","42","","Documents|Restrictive Covenants|Yes;Land Details|Pasture Area|0;Land Details|Greenbelt|No;Land Details|Tillable Area|0;Land Details|Wooded Area|1;Listing Terms|Cash|Yes;Listing Terms|Other|Yes;Listing Terms|Conventional|Yes;Other Equipment|Call Listing Agent|Yes;Possession|Close Of Escrow|Yes;Road Frontage Type|County Road|Yes;Road Surface Type|Gravel|Yes;Showing Information|Showing Contact Name|Tammy Jones;Showing Information|Showing Contact Phone|731-225-3158;Utilities|Electricity Available|Yes;Utilities|Water Available|Yes;Water Source|Public|Yes;Road Responsibility|Public Maintained Road|Yes;Special Listing Conditions|Standard|Yes;Showing Requirements|Call Listing Agent|Yes;"
"2603147","Total Realty Source","(731) 574-9340","Tamra L Jones","","Land","Land","Residential Lot","","","","2027-07-03","RL","2026-07-02","","","","A","2026-07-04","","","31000.00","31000.00","","","","0","","Zachary","","","Lane","Camden","TN","Benton","38320","","","36.087992","-88.114406","","",".98","","","","","85.33","None","Benton County","065 049.02","","","","2026-07-04 20:51:07.225826","","","Excl Right to Sell","","","","","","","","31632.65","","","","","","","","","","","0.9800","","","","","","N","","","","WELCOME TO CHASE WEST ESTATES  Discover the perfect place to build your dream home.  This beautiful new subdivision offers 18 lots.  This subdivision provides plenty of space for privacy and country living with the convenience of living just minutes from town.  Most of the lots will require basements. Roads have been roughed in (asphalt to come) Road signs have been installed.  Water and electricity are available.  Buyer will have to hook up and install septic system.  County taxes only. Does have Restrictive covenants.  Lots of trees.  Seller will sell lots with or without trees.  Perfect place to call home.","Lot 76. This property is a corner lot.","","","","","","","","","","N","","","","","","","0.00","0.00","85.33","","","","","100","","","","","","N","","y","N","","N","","","http://cdn.photos.sparkplatform.com/ctn/20260705014230217023000000.jpg","","42","","Documents|Restrictive Covenants|Yes;Land Details|Pasture Area|0;Land Details|Greenbelt|No;Land Details|Tillable Area|0;Land Details|Wooded Area|0.5;Listing Terms|Cash|Yes;Listing Terms|Other|Yes;Listing Terms|Conventional|Yes;Other Equipment|Call Listing Agent|Yes;Possession|Close Of Escrow|Yes;Road Frontage Type|County Road|Yes;Road Surface Type|Gravel|Yes;Showing Information|Showing Contact Name|Tammy Jones;Showing Information|Showing Contact Phone|731-225-3158;Utilities|Electricity Available|Yes;Utilities|Water Available|Yes;Water Source|Public|Yes;Road Responsibility|Public Maintained Road|Yes;Special Listing Conditions|Standard|Yes;Showing Requirements|Call Listing Agent|Yes;"
"2603148","Total Realty Source","(731) 574-9340","Tamra L Jones","","Land","Land","Residential Lot","","","","2027-07-03","RL","2026-07-02","","","","A","2026-07-04","","","33000.00","33000.00","","","","0","","Whispering Hills","","","Drive","Camden","TN","Benton","38320","","","36.090104","-88.113236","","","1.28","","","","","85.33","None","Benton County","065 049.02","","I40 and 45 Bypass.   Take I40E  Get off at Camden Exit.  Stay on 641 to Camden.  Turn Left on McKelvey Rd.  Subdivision on Right","","2026-07-04 21:08:44.253393","","","Excl Right to Sell","","","","","","","","25781.25","","","","","","","","","","","1.2800","","","","","","N","","","","WELCOME TO CHASE WEST ESTATES  Discover the perfect place to build your dream home.  This beautiful new subdivision offers 18 lots.  This subdivision provides plenty of space for privacy and country living with the convenience of living just minutes from town.  Most of the lots will require basements. Roads have been roughed in (asphalt to come) Road signs have been installed.  Water and electricity are available.  Buyer will have to hook up and install septic system.  County taxes only. Does have Restrictive covenants.  Lots of trees.  Seller will sell lots with or without trees.  Perfect place to call home.","Lot 77.","","","","","","","","","","N","","","","","","","0.00","0.00","85.33","","","","","100","","","","","","N","","y","N","","N","","","http://cdn.photos.sparkplatform.com/ctn/20260705015603233371000000.jpg","","42","","Documents|Restrictive Covenants|Yes;Land Details|Pasture Area|0;Land Details|Greenbelt|No;Land Details|Tillable Area|0;Land Details|Wooded Area|1;Listing Terms|Cash|Yes;Listing Terms|Other|Yes;Listing Terms|Conventional|Yes;Other Equipment|Call Listing Agent|Yes;Possession|Close Of Escrow|Yes;Road Frontage Type|County Road|Yes;Road Surface Type|Gravel|Yes;Showing Information|Showing Contact Name|Tammy Jones;Showing Information|Showing Contact Phone|731-225-3158;Utilities|Electricity Available|Yes;Utilities|Water Available|Yes;Water Source|Public|Yes;Road Responsibility|Public Maintained Road|Yes;Special Listing Conditions|Standard|Yes;Showing Requirements|Call Listing Agent|Yes;"
"2603149","Total Realty Source","(731) 574-9340","Tamra L Jones","","Land","Land","Residential Lot","","","","2027-07-03","RL","2026-07-02","","","","A","2026-07-04","","","31000.00","31000.00","","","","0","","Whispering Hills","","","Drive","Camden","TN","Benton","38320","","","36.088093","-88.115025","","",".98","","","","","85.33","None","Benton County","065 049.02","","I40 and 45 Bypass.  Take I40E to Camden Exit.  Go left.  Stay on 641 to Camden.  Turn Left on McKelvey Rd.  Subdivision in on the right.","","2026-07-04 21:19:54.228926","","","Excl Right to Sell","","","","","","","","31632.65","","","","","","","","","","","0.9800","","","","","","N","","","","WELCOME TO CHASE WEST ESTATES  Discover the perfect place to build your dream home.  This beautiful new subdivision offers 18 lots.  This subdivision provides plenty of space for privacy and country living with the convenience of living just minutes from town.  Most of the lots will require basements. Roads have been roughed in (asphalt to come) Road signs have been installed.  Water and electricity are available.  Buyer will have to hook up and install septic system.  County taxes only. Does have Restrictive covenants.  Lots of trees.  Seller will sell lots with or without trees.  Perfect place to call home.","Lot 79.","","","","","","","","","","N","","","","","","","0.00","0.00","85.33","","","","","100","","","","","","N","","y","N","","N","","","http://cdn.photos.sparkplatform.com/ctn/20260705021100479665000000.jpg","","42","","Documents|Restrictive Covenants|Yes;Land Details|Pasture Area|0;Land Details|Greenbelt|No;Land Details|Tillable Area|0;Land Details|Wooded Area|0.5;Listing Terms|Cash|Yes;Listing Terms|Other|Yes;Listing Terms|Conventional|Yes;Other Equipment|Call Listing Agent|Yes;Possession|Close Of Escrow|Yes;Road Frontage Type|County Road|Yes;Road Surface Type|Gravel|Yes;Showing Information|Showing Contact Name|Tammy Jones;Showing Information|Showing Contact Phone|731-225-3158;Utilities|Electricity Available|Yes;Utilities|Water Available|Yes;Water Source|Public|Yes;Road Responsibility|Public Maintained Road|Yes;Special Listing Conditions|Standard|Yes;Showing Requirements|Call Listing Agent|Yes;"
"2603150","Total Realty Source","(731) 574-9340","Tamra L Jones","","Land","Land","Residential Lot","","","","2027-07-03","RL","2026-07-02","","","","A","2026-07-04","","","34000.00","34000.00","","","","0","","Whispering Hills","","","Drive","Camden","TN","Benton","38320","","","36.087889","-88.114607","","","1.52","","","","","85.33","None","Benton County","065 049.02","","I40 and 45 Bypass.  Take I40E.  Get off Camden Exit go left.  Stay on 641 to Camden.  Go left on McKelvey Rd.  Subdivision is on the right.","","2026-07-04 21:28:53.008041","","","Excl Right to Sell","","","","","","","","22368.42","","","","","","","","","","","1.5200","","","","","","N","","","","WELCOME TO CHASE WEST ESTATES  Discover the perfect place to build your dream home.  This beautiful new subdivision offers 18 lots.  This subdivision provides plenty of space for privacy and country living with the convenience of living just minutes from town.  Most of the lots will require basements. Roads have been roughed in (asphalt to come) Road signs have been installed.  Water and electricity are available.  Buyer will have to hook up and install septic system.  County taxes only. Does have Restrictive covenants.  Lots of trees.  Seller will sell lots with or without trees.  Perfect place to call home.","Lot 81 Cove Lot","","","","","","","","","","N","","","","","","","0.00","0.00","85.33","","","","","100","","","","","","N","","y","N","","N","","","http://cdn.photos.sparkplatform.com/ctn/20260705022021443716000000.jpg","","42","","Documents|Restrictive Covenants|Yes;Land Details|Pasture Area|0;Land Details|Greenbelt|No;Land Details|Tillable Area|0;Land Details|Wooded Area|0.5;Listing Terms|Cash|Yes;Listing Terms|Other|Yes;Listing Terms|Conventional|Yes;Lot Features|Cul-De-Sac|Yes;Other Equipment|Call Listing Agent|Yes;Possession|Close Of Escrow|Yes;Road Frontage Type|County Road|Yes;Road Surface Type|Gravel|Yes;Showing Information|Showing Contact Name|Tammy Jones;Showing Information|Showing Contact Phone|731-225-3158;Utilities|Electricity Available|Yes;Utilities|Water Available|Yes;Water Source|Public|Yes;Road Responsibility|Public Maintained Road|Yes;Special Listing Conditions|Standard|Yes;Showing Requirements|Call Listing Agent|Yes;"
"2603152","Total Realty Source","(731) 574-9340","Tamra L Jones","","Land","Land","Residential Lot","","","","2027-07-03","RL","2026-07-02","","","","A","2026-07-04","","","32000.00","32000.00","","","","0","","Whispering Hills","","","Drive","Camden","TN","Benton","38320","","","36.087655","-88.114983","","","1.08","","","","","85.33","None","Benton County","065 049.02","","I40 and 45 Bypass.  Take I40E.  Exit the Camden ramp. Go left. Stay on 641 to Camden turn left on McKelvey Rd.  Subdivision will be on the right.","","2026-07-04 23:24:13.336131","","","Excl Right to Sell","","","","","","","","29629.63","","","","","","","","","","","1.0800","","","","","","N","","","","WELCOME TO CHASE WEST ESTATES  Discover the perfect place to build your dream home.  This beautiful new subdivision offers 18 lots.  This subdivision provides plenty of space for privacy and country living with the convenience of living just minutes from town.  Most of the lots will require basements. Roads have been roughed in (asphalt to come) Road signs have been installed.  Water and electricity are available.  Buyer will have to hook up and install septic system.  County taxes only. Does have Restrictive covenants.  Lots of trees.  Seller will sell lots with or without trees.  Perfect place to call home.","Lot 82 Cove Lot","","","","","","","","","","N","","","","","","","0.00","0.00","85.33","","","","","100","","","","","","N","","y","N","","N","","","http://cdn.photos.sparkplatform.com/ctn/20260705041525827445000000.jpg","","42","","Documents|Restrictive Covenants|Yes;Land Details|Pasture Area|0;Land Details|Greenbelt|No;Land Details|Tillable Area|0;Land Details|Wooded Area|0.5;Listing Terms|Cash|Yes;Listing Terms|Other|Yes;Listing Terms|Conventional|Yes;Lot Features|Cul-De-Sac|Yes;Other Equipment|Call Listing Agent|Yes;Possession|Close Of Escrow|Yes;Road Frontage Type|County Road|Yes;Road Surface Type|Gravel|Yes;Showing Information|Showing Contact Name|Tammy Jones;Showing Information|Showing Contact Phone|731-225-3158;Utilities|Electricity Available|Yes;Utilities|Water Available|Yes;Water Source|Public|Yes;Road Responsibility|Public Maintained Road|Yes;Special Listing Conditions|Standard|Yes;Showing Requirements|Call Listing Agent|Yes;"
"2603153","Total Realty Source","(731) 574-9340","Tamra L Jones","","Land","Land","Residential Lot","","","","2027-07-03","RL","2026-07-02","","","","A","2026-07-04","","","30000.00","30000.00","","","","0","","Whispering Hills","","","Drive","Camden","TN","Benton","38320","","","36.09067","-88.113268","","",".86","","","","","85.33","None","Benton County","065 049.02","","I40 and 45 Bypass.  Take I40E to Camden Exit.  Turn left.  Stay on 641 to Camden.  Turn left on McKelvey Rd.  Subdivision is on the right.","","2026-07-04 23:33:50.092662","","","Excl Right to Sell","","","","","","","","34883.72","","","","","","","","","","","0.8600","","","","","","N","","","","WELCOME TO CHASE WEST ESTATES  Discover the perfect place to build your dream home.  This beautiful new subdivision offers 18 lots.  This subdivision provides plenty of space for privacy and country living with the convenience of living just minutes from town.  Most of the lots will require basements. Roads have been roughed in (asphalt to come) Road signs have been installed.  Water and electricity are available.  Buyer will have to hook up and install septic system.  County taxes only. Does have Restrictive covenants.  Lots of trees.  Seller will sell lots with or without trees.  Perfect place to call home.","Lot 80","","","","","","","","","","N","","","","","","","0.00","0.00","85.33","","","","","100","","","","","","N","","y","N","","N","","","http://cdn.photos.sparkplatform.com/ctn/20260705042510749879000000.jpg","","42","","Documents|Restrictive Covenants|Yes;Land Details|Pasture Area|0;Land Details|Greenbelt|No;Land Details|Tillable Area|0;Land Details|Wooded Area|0.5;Listing Terms|Cash|Yes;Listing Terms|Other|Yes;Listing Terms|Conventional|Yes;Other Equipment|Call Listing Agent|Yes;Possession|Close Of Escrow|Yes;Road Frontage Type|County Road|Yes;Road Surface Type|Gravel|Yes;Showing Information|Showing Contact Name|Tammy Jones;Showing Information|Showing Contact Phone|731-225-3158;Utilities|Electricity Available|Yes;Utilities|Water Available|Yes;Water Source|Public|Yes;Road Responsibility|Public Maintained Road|Yes;Special Listing Conditions|Standard|Yes;Showing Requirements|Call Listing Agent|Yes;"
"2602947","Total Realty Source","(731) 574-9340","Lisa Ann Ballinger","","Commercial","Commercial Sale","Office","","","","2026-12-28","OF","2026-06-24","","","","A","2026-06-24","","","369900.00","369900.00","","","","79","","Federal","","","Drive","Jackson","TN","Madison","38305","1","","35.66867","-88.83472","2792.00","1983","80X139.09","","","","","2684.84","","Jackson Madison Consolidated District","055E A 005.22","","","Louvoy Studios LLC","2026-07-13 11:45:25.977076","","","Excl Right to Sell","","","","","","","13.00","132.49","","","","","","","","","Y","","0.2500","","","","","","","Y","Y","","Exceptional Commercial Opportunity in a highly visible location just off Carriage House Drive in Jackson, with a daily traffic count exceeding 8,500 vehicles and convenient interstate access.  Currently operating as Louvoy Studios, this versatile property has successfully accommodated a wide variety of businesses and events including photography and podcast studios, esthetician and med spa services, meetings, content creation, cooking demonstrations, small private events and video production.  Whether you are looking to continue its current use or reimagine the space, the possibilities are virtually endless.  The professionally designed interior has been thoughtfully updated with new flooring, fresh paint, modern fixtures, and updated appliances, creating a turnkey environment for a variety of business concepts.  Major improvements include a roof that is approximately 4 years old, and two HVAC Units replaced around 2022.  The building offers exceptional flexibility with nine private rooms, additional storage room, a break room, and four bathrooms.   Four separate entrances, including one with a wheelchair accessible ramp, provide added convenience for multiple tenants or business operations.  One room is currently occupied by a month-to-month med/spa tenant, offering immediate rental income potential.  The owner will also consider leasing the property.  Schedule your private tour today to explore the endless possibilities this unique commercial space has to offer.","One Room is Currently Rented to a Lady that runs a Med Spa and One Room is Rented to an Esthetician.  Total Rental Income is $1,100 Monthly.  Owner will consider lease on individual rooms, Left or Right Side, or building as a whole as well as selling.  Call Listing Agent for Code.  Some of the Contents could be available for Purchase if Desired.","","","","","","","Y","N","","Y","","","","","","","","1241.42","1443.42","1","","","","84","","","General Businesss","","","N","","","","","N","","","http://cdn.photos.sparkplatform.com/ctn/20260623173051180969000000.jpg","","50","","Accessibility Features|Accessible Approach with Ramp|Yes;Building Features|# of Docks|0;Building Features|Office Area|2,792;Building Features|Warehouse Area|0;Business Type|Professional/Office|Yes;Construction Materials|Brick|Yes;Cooling|Central Air|Yes;Existing Lease Type|Gross|Yes;Fencing|None|Yes;Flooring|Luxury Vinyl|Yes;Heating|Central|Yes;Lease Details|Lease Amount|550;Lease Details|Lease Amount Frequency|Monthly;Listing Terms|Cash|Yes;Listing Terms|Conventional|Yes;Possession|Negotiable|Yes;Road Frontage Type|City Street|Yes;Roof|Shingle|Yes;Sewer|Public Sewer|Yes;Unit Details|Number Of Units Leased|1;Water Source|Public|Yes;Location|Free Standing|Yes;Lock Box Type|Other|Yes;Lock Box Type|See Remarks|Yes;Special Listing Conditions|Standard|Yes;Showing Requirements|24 Hour Notice|Yes;Showing Requirements|Call Listing Agent|Yes;"
"2602281","Total Realty Source","(731) 574-9340","Ashley McMillan","","Residential","Residential","Single Family Residence","","","","2027-05-15","SF","2026-05-15","","","","A","2026-05-16","","","599900.00","575000.00","","Appraiser","","306","","Wiley Parker","","","Road","Jackson","TN","Madison","38305","1","","35.661564","-88.841709","3377.00","1955","309,275","4","3.00","3","0","2880.35","None","Jackson Madison Consolidated District","055    080.00","","","Howard W Henley","2026-07-09 15:03:53.449089","","Owner","Excl Right to Sell","","","","","","","4.00","170.27","","","","","","","Y","N","N","","7.1000","","W.C. Harris","","N","N","N","Y","Y","","Step into timeless character and charm with this one-of-a-kind mid-century masterpiece designed by Architect W.C. Harris in 1955. Situated on 7.1 beautiful acres with stunning views, this spacious home offers 3,377 square feet filled with natural light, unique architectural details, and room to spread out. Featuring 4 huge bedrooms and 3 bathrooms, this property combines classic design with everyday comfort.  The formal living room showcases soaring windows that flood the space with sunlight along with a cozy electric fireplace, creating the perfect place to gather or unwind. A separate den offers even more living space with a warm gas fireplace and inviting atmosphere. The spacious layout provides endless possibilities for entertaining, working from home, or simply enjoying peaceful country living.  Outside, you'll find a workshop perfect for hobbies, storage, or creative projects, all surrounded by the beauty and privacy of acreage living. If you've been searching for a truly unique property with character, space, and breathtaking surroundings, this mid-century gem is a rare opportunity you don't want to miss.","The home has a security system that will need to be turned off upon entering and set back when leaving. Please contact agent for details. We had an appraisal done on property. Appraised at $610,000. Please keep kids nearby when showing the property. If at all possible do not let them in the music room for safety.","","","","N","N","Y","N","N","","Y","","N","","2.00","","","0.00","1331.82","1548.53","","","2","1","","","","","","","N","N","","N","N","N","","","http://cdn.photos.sparkplatform.com/ctn/20260516144514658739000000.jpg","2026-07-06 08:26:53.252147","90","Kitchen:|||||;Primary Bedroom:|||||;Laundry:|||||;Other:|||||;Den:|||||;Living Room:|||||;Dining Room:|||||;Bedroom:|||||;Bedroom:|||||;Bedroom:|||||;","Appliances|Dishwasher|Yes;Appliances|Microwave Vent Hood|Yes;Appliances|Tankless Water Heater|Yes;Appliances|Gas Range|Yes;Ceiling Heights|8 Foot|Yes;Construction Materials|Brick|Yes;Cooling|Central Air|Yes;Cooling|Ceiling Fan(s)|Yes;Documents|Lead Based Paint Disclosure|Yes;Documents|Disclaimer Notice|Yes;Documents|Property Disclosure|Yes;Documents|Confirmation of Agency|Yes;Exterior Features|Rain Gutters|Yes;Fireplace Features|Gas Log|Yes;Fireplace Features|Other|Yes;Foundation Details|Slab|Yes;Heating|Central|Yes;Heating|Fireplace(s)|Yes;Interior Features|Ceiling Fan(s)|Yes;Interior Features|Untextured Ceilings/Smooth|Yes;Interior Features|Butcher Block Counters|Yes;Interior Features|Tub Shower Combo|Yes;Interior Features|Primary Downstairs|Yes;Interior Features|Open Floorplan|Yes;Interior Features|Kitchen Island|Yes;Interior Features|Granite Counters|Yes;Interior Features|Eat-in Kitchen|Yes;Laundry Features|Laundry Room|Yes;Laundry Features|Main Level|Yes;Lock Box Information|Lock Box Location|Storage room door on carport.;Lock Box Information|Lock Box Serial Number|2313177;Main Room Levels|Main Level Bathrooms|3;Main Room Levels|Main Level Bedrooms|4;Other Equipment|Generator|Yes;Other Structures|Storage|Yes;Other Structures|Workshop|Yes;Parking Features|Open|Yes;Parking Information|Open Parking Spaces|2;Parking Information|Open Parking YN|Yes;Patio And Porch Features|Patio|Yes;Possession|Close Of Escrow|Yes;Road Frontage Type|City Street|Yes;Road Responsibility|Public Maintained Road|Yes;Road Surface Type|Asphalt|Yes;Roof|Metal|Yes;Room Types|Bedroom|Yes;Room Types|Other|Yes;Room Types|Other Level|Main;Room Types|Primary Bedroom Level|Main;Room Types|Primary Bedroom|Yes;Room Types|Living Room Level|Main;Room Types|Living Room|Yes;Room Types|Laundry Level|Main;Room Types|Laundry|Yes;Room Types|Kitchen Level|Main;Room Types|Kitchen|Yes;Room Types|Dining Room Level|Main;Room Types|Dining Room|Yes;Room Types|Den Level|Main;Room Types|Den|Yes;Room Types|Bedroom Level|Main;Security Features|Smoke Detector(s)|Yes;Security Features|Security System|Yes;Sewer|Public Sewer|Yes;Showing Considerations|Pet(s) on Premises|Yes;Showing Considerations|Security System|Yes;Showing Information|Access Code|contact agent about alarm;Showing Information|Showing Instructions|Please set alarm when you leave. Call agent for details;Showing Information|Showing Attended YN|No;Water Source|Public|Yes;Lock Box Type|SentriLock|Yes;Levels|One|Yes;Special Listing Conditions|Standard|Yes;Showing Requirements|Call Listing Agent|Yes;Showing Requirements|ShowingTime|Yes;"
"2601468","Total Realty Source","(731) 574-9340","Tamra L Jones","","Residential","Residential","Single Family Residence","","","","2026-10-30","SF","2026-04-03","","","","A","2026-04-03","","","285000.00","260000.00","","Assessor","","74","","Powell","","","Cove","Jackson","TN","Madison","38305","1","","35.652309","-88.842133","1915.00","1975","66.80X163.04 IRR","3","2.00","2","0","1517.72","Green Valley Estate","Jackson Madison Consolidated District","066C G 036.00","","45 Bypass and Channing Way.  Head South on 45 Bypass turn left on Old Hickory turn right onto Hermitage Place turn left on Powell Cove.  Home is on left in cove.","","2026-07-22 23:03:51.007913","","","Excl Right to Sell","","","","","2.00","","5.00","135.77","","","","","","","","N","N","","0.0000","","","","N","N","N","Y","Y","","Come check out this 3 bedroom 2 bath home that has so many updates located on cove lot.   This home has no carpet.  Great open floor plan.  Living room with brick fireplace is absolutely huge.  Such a great space for entertaining with family and friends or just to relax by the fireplace.  Kitchen has stainless steel appliance, pantry and lots of cabinets plus eating area.  Separate dining room.  Step out back to a fenced yard and a wonderful covered porch.   You won't be disappointed.   Don't let this one get away. Motivated Seller!!","This property is not in a flood zone as some believe it is.  It has been confirmed with an appraiser.  Please contact me for lockbox code.  Please turn off lights and lock all doors when leaving.  I greatly appreciate you showing my listing.","","","Y","N","N","Y","N","","","Y","","Y","","","","","0.00","701.76","815.95","","","1","1","","3","","","","","N","","N","N","","N","","","http://cdn.photos.sparkplatform.com/ctn/20260404000446447089000000.jpg","2026-07-22 22:47:28.204864","132","Kitchen:|||||;Primary Bedroom:|||||;Bedroom:|||||;Bedroom:|||||;Living Room:|||||;","Appliances|Disposal|Yes;Appliances|Microwave Vent Hood|Yes;Appliances|Stainless Steel Appliance(s)|Yes;Appliances|Electric Range|Yes;Appliances|Dishwasher|Yes;Attic Features|Partially Floored|Yes;Attic Features|Pull-Down Stairs|Yes;Construction Materials|Vinyl Siding|Yes;Cooling|Central Air|Yes;Electric|220 Volts|Yes;Exterior Features|Rain Gutters|Yes;Fencing|Wood|Yes;Fireplace Features|Wood Burning|Yes;Flooring|Luxury Vinyl|Yes;Heating|Central|Yes;Interior Features|Bookcases|Yes;Interior Features|Tub Shower Combo|Yes;Interior Features|Walk-In Closet(s)|Yes;Interior Features|Pantry|Yes;Interior Features|Open Floorplan|Yes;Interior Features|High Ceilings|Yes;Interior Features|Granite Counters|Yes;Interior Features|Eat-in Kitchen|Yes;Interior Features|Double Vanity|Yes;Interior Features|Ceiling Fan(s)|Yes;Laundry Features|Electric Dryer Hookup|Yes;Laundry Features|Washer Hookup|Yes;Listing Terms|Cash|Yes;Listing Terms|VA Loan|Yes;Listing Terms|FHA|Yes;Listing Terms|Conventional|Yes;Lock Box Information|Lock Box Location|on front door.;Lot Features|Cul-De-Sac|Yes;Main Room Levels|Main Level Bathrooms|2;Main Room Levels|Main Level Bedrooms|3;Parking Features|Garage Faces Front|Yes;Parking Features|Other|Yes;Parking Features|Garage Door Opener|Yes;Parking Information|Other Parking|Driveway;Patio And Porch Features|Covered|Yes;Patio And Porch Features|Patio|Yes;Possession|Close Of Escrow|Yes;Road Frontage Type|City Street|Yes;Road Responsibility|Public Maintained Road|Yes;Roof|Architectural|Yes;Room Types|Bedroom|Yes;Room Types|Primary Bedroom Level|Main;Room Types|Primary Bedroom|Yes;Room Types|Living Room Level|Main;Room Types|Living Room|Yes;Room Types|Kitchen Level|Main;Room Types|Kitchen|Yes;Room Types|Bedroom Level|Main;Sewer|Public Sewer|Yes;Showing Considerations|See Remarks|Yes;Showing Information|Showing Instructions|Contact listing agent for combo code;Utilities|Cable Available|Yes;Utilities|Phone Available|Yes;Water Source|Public|Yes;Window Features|Shutters|Yes;Window Features|Vinyl Frames|Yes;Lock Box Type|Combo|Yes;Levels|One|Yes;Special Listing Conditions|Agent Owned|Yes;Showing Requirements|Call Listing Agent|Yes;Showing Requirements|Text Listing Agent|Yes;Showing Requirements|ShowingTime|Yes;"
"2505069","Total Realty Source","(731) 574-9340","Brandie Bassett","","Land","Land","Farm","","","","2026-10-21","FA","2025-10-21","","","","A","2025-10-22","","","1000000.00","999500.00","","","","130","","Cooper Anderson","","","Road","Jackson","TN","Madison","38305","","","35.692795","-88.805525","","","Parcel: 005.04 348,479 sq. ft.  8 Acres  Parcel: 005.15 515,748 sq. ft 11.84 Acres","","","","","594.40","None","Jackson Madison Consolidated District","043    005.15","","","Collins","2026-01-14 15:00:00.561197","","","Excl Right to Sell","","","","","","","","50378.02","","","","","8702","","","","","","19.8400","","","","","","N","","","","19.84 Acres | FAR Zoning | County Taxes Only Calling all horse lovers, builders, and visionary developers?this is the one. Two contiguous parcels (19.84 acres total) just 1.3 miles to I-40, combine turnkey equestrian facilities with excellent growth potential. Formerly home to Redemption Road Rescue, this fully fenced property is thoughtfully laid out with 7 subdivided pastures and a dedicated arena, making daily operations smooth and efficient.  The centerpiece is a 46' x 50' horse barn featuring 7 stalls plus a separate storage/tack area, an attached 12' x 50' shed, a 2,400 sq ft open hay shed, and 8 additional open field stalls. Automatic Water System in each field. Wide gates and smart fencing provide easy movement and safety for horses and equipment alike. With FAR zoning and new subdivisions rising nearby, the possibilities span from private equestrian estate to build-out opportunities (buyer to verify all intended uses). Enjoy the best of both worlds?peaceful, pastoral acreage with quick interstate access and county taxes only. Whether you're expanding your equestrian operation or exploring future development, this special place is ready for its next chapter. Visit redemptionroadrescue.com to learn more about the property's legacy.  Property Highlights: Two parcels sold together ? 19.84 acres (fully fenced) FAR zoning (Agricultural/Residential uses?buyer to verify) 46' x 50' barn with 7 stalls + storage/tack area 12' x 50' attached shed 2,400 sq ft open hay shed 8 open field stalls 7 subdivided pastures + arena Automatic Water System Potential to tie into City Water  1.3 miles to I-40| County taxes only Surrounded by area growth/new subdivisions","This listing includes two parcels:  043    005.15  11.84 acres |  043    005.04   8 acres  Additional Features: Horse Barn 46X50, 7 stalls , plus supply room, 1999 Attached Shed 12X50, 1999 Open Shed 2400, 2010  *The 3 additional storage buildings that are not tied down, will be leaving the property. Not Included in the sale of property.","","","","","","","","N","","N","","","","","","","","0.00","594.40","","","","","1689","2143","","FAR","","25008987","N","N","N","N","","Y","","","http://cdn.photos.sparkplatform.com/ctn/20251020132225096001000000.jpg","2026-01-14 15:00:00.521573","296","","Documents|Aerial Photo|Yes;Documents|Septic|Yes;Documents|Topographical Map|Yes;Fencing|Full|Yes;Fencing|Wire|Yes;Fencing|Wood|Yes;Fencing|Gate|Yes;Gated Details|Gated Private|Yes;Irrigation Source|Municipal Water|Yes;Irrigation Source|Well|Yes;Land Details|Pasture Area|15;Land Details|Greenbelt|No;Land Details|Mineral Lease YN|No;Land Details|Hunting Lease YN|No;Land Details|CRP Lease YN|No;Land Details|Billboard/Sign Lease YN/Tower|No;Land Details|Tillable Area|15;Land Details|Habitable Residence YN|Yes;Land Details|Crops Included YN|No;Land Details|Wooded Area|3;Listing Terms|Cash|Yes;Listing Terms|Other|Yes;Listing Terms|Conventional|Yes;Lot Features|Agricultural|Yes;Lot Features|Split Possible|Yes;Lot Features|Pasture|Yes;Lot Features|Farm|Yes;Other Structures|Arena|Yes;Other Structures|Storage|Yes;Other Structures|Shed(s)|Yes;Other Structures|Stable(s)|Yes;Other Structures|Other|Yes;Other Structures|Barn(s)|Yes;Parking Features|Additional Parking|Yes;Parking Features|Secured|Yes;Parking Features|RV Access/Parking|Yes;Parking Features|Private|Yes;Parking Features|Open|Yes;Parking Features|Gravel|Yes;Possession|Close Of Escrow|Yes;Road Frontage Type|County Road|Yes;Road Surface Type|Asphalt|Yes;Sewer|Septic Tank|Yes;Showing Information|Showing Attended YN|No;Showing Information|Showing Instructions|Gate is unlocked. Please secure back when you leave.;Showing Information|Showing Contact Phone|731-695-2785;Showing Information|Showing Contact Name|Brandie Bassett;Utilities|Electricity Connected|Yes;Utilities|Water Connected|Yes;Utilities|Water Available|Yes;Utilities|Sewer Available|Yes;Utilities|Natural Gas Available|Yes;Vegetation|Cleared|Yes;Vegetation|Partially Wooded|Yes;Vegetation|Grassed|Yes;Water Source|Well|Yes;Road Responsibility|Public Maintained Road|Yes;Special Listing Conditions|Standard|Yes;Showing Requirements|Text Listing Agent|Yes;"
"2602326","Total Realty Source","(731) 574-9340","Tamra L Jones","","Residential","Residential","Single Family Residence","","","","2026-11-30","SF","2026-05-18","","","","A","2026-05-19","","","244900.00","240000.00","","Assessor","","620","","Lambuth","","","Boulevard","Jackson","TN","Madison","38301","1","","35.623696","-88.826359","1368.00","1950","80 X 100 COR","3","1.00","1","0","1035.92","None","Jackson Madison Consolidated District","078H U 004.00","","N. Highland and Lambuth Blvd.  If going south on N. Highland turn right on Lambuth.  House will be on left  at corner of Lambuth and Linden","","2026-05-30 16:22:02.055643","","Owner","Excl Right to Sell","","","","","","","4.00","175.44","","","","","","","Y","N","N","","0.1800","","","","","","N","","","","Move In Ready in Lana Community.  Renovated 3 bedroom 1 bath home with attached carport and 2 storage rooms.  One storage room has electricity and plumbing other has electricity only.  Great opporunity for a man cave or she shed.  All the bedrooms are nice sizes.  Spacious living room with a gas fireplace.  Kitchen has eating area.  Washer, dryer, 75 inch tv in living room  and blink security system stays. Peach trees in front yard are full of peaches.  This home would be a great starter home or for investment for college kids. Don't let this one get away from you.","Seller is in the process of packing up.  More photos are coming soon.  Please make sure all doors are locked when leaving.   Need at least a couple hours notice.","","","","N","","Y","N","","","Y","","N","","2.00","","","0.00","478.99","556.93","","","1","1","","","","","","","N","","N","N","N","","","","http://cdn.photos.sparkplatform.com/ctn/20260519051617776871000000.jpg","2026-05-30 16:22:02.019845","87","Kitchen:|||||;Primary Bedroom:|||||;Bedroom:|||||;Bedroom:|||||;Living Room:|||||;","Appliances|Dishwasher|Yes;Appliances|Washer|Yes;Appliances|Microwave|Yes;Attic Features|Pull-Down Stairs|Yes;Electric|220 Volts|Yes;Fireplace Features|Gas Log|Yes;Fireplace Features|Gas Starter|Yes;Flooring|Luxury Vinyl|Yes;Interior Features|Eat-in Kitchen|Yes;Interior Features|Tub Shower Combo|Yes;Laundry Features|Electric Dryer Hookup|Yes;Laundry Features|Washer Hookup|Yes;Listing Terms|Cash|Yes;Listing Terms|VA Loan|Yes;Listing Terms|FHA|Yes;Listing Terms|Conventional|Yes;Lock Box Information|Lock Box Location|carport door;Lot Features|Corner Lot|Yes;Main Room Levels|Main Level Bathrooms|1;Main Room Levels|Main Level Bedrooms|3;Possession|Close Of Escrow|Yes;Road Frontage Type|City Street|Yes;Road Responsibility|Public Maintained Road|Yes;Room Types|Bedroom|Yes;Room Types|Primary Bedroom Level|Main;Room Types|Primary Bedroom|Yes;Room Types|Living Room Level|Main;Room Types|Living Room|Yes;Room Types|Kitchen Level|Main;Room Types|Kitchen|Yes;Room Types|Bedroom Level|Main;Security Features|Security System|Yes;Sewer|Public Sewer|Yes;Showing Considerations|See Remarks|Yes;Showing Information|Showing Contact Name|Tammy Jones;Showing Information|Showing Instructions|Must have at least a 2 hour notice;Showing Information|Showing Contact Phone|731-225-3158;Water Source|Public|Yes;Lock Box Type|Combo|Yes;Levels|One|Yes;Special Listing Conditions|Standard|Yes;Showing Requirements|Appointment Only|Yes;Showing Requirements|ShowingTime|Yes;Showing Requirements|Call Listing Agent|Yes;"
"2603288","Total Realty Source","(731) 574-9340","Amy McLemore","","Residential","Residential","Single Family Residence","","","","2027-07-13","SF","2026-07-13","","","","A","2026-07-13","","","209900.00","209900.00","","Assessor","","310","","Elm","","","Street","Dyer","TN","Gibson","38330","1","","36.060588","-88.995757","1260.00","2016","125 X 75","3","2.00","2","0","1353.18","Other","Gibson County Special District","061E A 016.00","","From the intersection of US-45W and TN-77 (Dyer Highway) in Trenton, head north on US-45W toward Dyer. Continue for approximately 7 miles, then turn right onto Currie Road, which becomes Elm Street. Continue straight, and 310 Elm Street will be on your left, on the corner of Elm Street and Thomas Street.","Thomas & Cindy Mikkelsen","2026-07-13 22:00:24.983334","","Vacant","Excl Right to Sell","","","","","","","5.00","166.59","","","","","","N","N","N","N","","0.2200","","Poly-M Contractors, Inc.","","N","N","N","Y","Y","","Home Sweet Home! Move-in ready with peaceful pasture views, this inviting 3-bedroom, 2-bath home offers comfortable one-level living and a functional open floor plan. Relax on the welcoming front porch while enjoying the scenic view across the street, or gather with family and friends in the spacious great room featuring a vaulted ceiling, ceiling fan, and large double window that fills the space with natural light.  The open floor plan flows into the eat-in kitchen, outfitted with stainless steel appliances, tile backsplash, under-cabinet lighting, a walk-in pantry with shelving, coat/storage closet, and a French door refrigerator that stays. Natural light pours into the space through a large double window in the dining area and a window above the kitchen sink, creating a bright and welcoming atmosphere. Durable LVP and LVT flooring throughout means there's no carpet to maintain, while 2-inch blinds and fresh interior paint enhance the home's clean, updated appeal.  The primary suite features a walk-in closet, while all bedroom closets are equipped with double hanging rods to maximize hanging space. Additional highlights include a large hall storage closet, a brand-new water heater, recently serviced HVAC system, fresh paint on the front door and exterior shutters, gutters, and an architectural shingle roof.  Situated on a corner lot, the property offers a circular concrete driveway plus an additional concrete parking pad that could also serve as a patio for grilling or relaxing outdoors. A matching 10' x 10' storage building with double-door entry provides plenty of space for lawn equipment, tools, seasonal décor, or hobby storage. This well-maintained home is truly move-in ready and waiting for its next owner.","","","","","N","N","N","N","N","N","Y","","N","","","","","490.98","549.89","312.31","","","","1","","","","Single Family Residential","","","N","N","N","Y","N","N","","","http://cdn.photos.sparkplatform.com/ctn/20260714021516238057000000.jpg","","31","Great Room:|||||;Kitchen:|||||;Primary Bedroom:|||||;Primary Bathroom:|||||;Bedroom:|||||;Bedroom:|||||;Bathroom:|||||;","Appliances|Disposal|Yes;Appliances|Microwave Vent Hood|Yes;Appliances|Stainless Steel Appliance(s)|Yes;Appliances|Refrigerator|Yes;Appliances|Electric Water Heater|Yes;Appliances|Electric Cooktop|Yes;Appliances|Dishwasher|Yes;Ceiling Heights|8 Foot|Yes;Ceiling Heights|10 Foot|Yes;Construction Materials|HardiPlank Type|Yes;Construction Materials|Lap Siding|Yes;Cooling|Central Air|Yes;Cooling|Electric|Yes;Cooling|Ceiling Fan(s)|Yes;Documents|Confirmation of Agency|Yes;Documents|Property Exemption|Yes;Electric|200+ Amp Service|Yes;Electric|Circuit Breakers|Yes;Exterior Features|Rain Gutters|Yes;Fencing|None|Yes;Flooring|Luxury Vinyl|Yes;Flooring|Tile|Yes;Foundation Details|Slab|Yes;Heating|Central|Yes;Heating|Natural Gas|Yes;Heating|Forced Air|Yes;Interior Features|Ceiling Fan(s)|Yes;Interior Features|Knocked Down Ceilings|Yes;Interior Features|Fiber Glass Shower|Yes;Interior Features|Tub Shower Combo|Yes;Interior Features|Walk-In Closet(s)|Yes;Interior Features|Vaulted Ceiling(s)|Yes;Interior Features|Primary Downstairs|Yes;Interior Features|Pantry|Yes;Interior Features|Open Floorplan|Yes;Interior Features|Laminate Counters|Yes;Interior Features|Eat-in Kitchen|Yes;Interior Features|Crown Molding|Yes;Laundry Features|Electric Dryer Hookup|Yes;Laundry Features|Other|Yes;Laundry Features|Main Level|Yes;Listing Terms|Cash|Yes;Listing Terms|VA Loan|Yes;Listing Terms|USDA Loan|Yes;Listing Terms|FHA|Yes;Listing Terms|Conventional|Yes;Lock Box Information|Lock Box Location|Front Door;Lock Box Information|Lock Box Serial Number|02308065;Lot Features|Level|Yes;Main Room Levels|Main Level Bathrooms|2;Main Room Levels|Main Level Bedrooms|3;Other Structures|Shed(s)|Yes;Parking Features|Circular Driveway|Yes;Parking Features|Parking Pad|Yes;Parking Features|Open|Yes;Parking Features|Guest|Yes;Parking Information|Open Parking Spaces|5;Parking Information|Open Parking YN|Yes;Patio And Porch Features|Front Porch|Yes;Possession|Close Of Escrow|Yes;Road Frontage Type|City Street|Yes;Road Responsibility|Public Maintained Road|Yes;Road Surface Type|Chip And Seal|Yes;Roof|Architectural|Yes;Room Types|Bathroom|Yes;Room Types|Other|Yes;Room Types|Other Level|Main;Room Types|Primary Bedroom Level|Main;Room Types|Primary Bedroom|Yes;Room Types|Primary Bathroom Level|Main;Room Types|Primary Bathroom|Yes;Room Types|Kitchen Level|Main;Room Types|Kitchen|Yes;Room Types|Great Room Level|Main;Room Types|Great Room|Yes;Room Types|Bedroom Level|Main;Room Types|Bedroom|Yes;Room Types|Bathroom Level|Main;Security Features|Smoke Detector(s)|Yes;Sewer|Public Sewer|Yes;Showing Information|Showing Attended YN|No;Utilities|Cable Available|Yes;Utilities|Fiber Optic Available|Yes;Utilities|Water Connected|Yes;Utilities|Sewer Connected|Yes;Utilities|Natural Gas Connected|Yes;Utilities|Electricity Connected|Yes;View|Pasture|Yes;Water Source|Public|Yes;Window Features|Blinds|Yes;Window Features|Vinyl Frames|Yes;Window Features|Low-Emissivity Windows|Yes;Window Features|Double Pane Windows|Yes;Lock Box Type|SentriLock|Yes;Levels|One|Yes;Special Listing Conditions|Standard|Yes;Showing Requirements|ShowingTime|Yes;Showing Requirements|Call Appointment Center|Yes;"
"2603386","Total Realty Source","(731) 574-9340","Lisa Ann Ballinger","","Residential","Residential","Single Family Residence","","","","2027-01-18","SF","2026-07-17","","","","A","2026-07-17","","","269900.00","269900.00","","Builder","","514","E","Church","","","Street","Medina","TN","Gibson","38355","1","","35.801455","-88.769253","1400.00","2026",".28","3","2.00","2","0","117.84","None","South Gibson County","176g d 002.00","","","","2026-07-18 11:29:42.822149","","","Excl Right to Sell","","","","","2.00","","4.00","192.79","","","","","","","N","Y","N","","","","731 Contractors LLC","","N","N","N","Y","Y","","Exceptional New Construction in the Coveted Medina School District at an Affordable Price!   From the Beautiful Exterior to the Upgrades on the inside, this Home has so much to Offer!  Enter into the Foyer with a View of the Great Room that is open to the Dining Room Area and Kitchen.  The Kitchen will have Solid Surface Countertops and Stainless-Steel Appliances.  Off of the Great Room enjoy a Patio Area for those Relaxing Evenings.  3 Bedrooms with the Primary Bedroom featuring a Large Walk-In Closet and En-Suite with Tiled Shower.  Call Today for more Details","Square Footage to be Determined by Appraiser.  Taxes will be Determined after Completion by Assessor.   As of July 17th, slab and framing done.","","","Y","Y","N","N","N","N","N","Y","","Y","","","","","49.20","37.35","31.29","","","","","","","","","","","N","N","N","N","N","N","","","http://cdn.photos.sparkplatform.com/ctn/20260717154234723718000000.jpg","","27","Kitchen:|||||;Primary Bedroom:|||||;Bedroom:|||||;Bedroom:|||||;Living Room:|||||;","Appliances|Dishwasher|Yes;Appliances|Electric Range|Yes;Attic Features|Pull-Down Stairs|Yes;Construction Materials|Vinyl Siding|Yes;Cooling|Central Air|Yes;Cooling|Ceiling Fan(s)|Yes;Documents|Confirmation of Agency|Yes;Documents|Property Exemption|Yes;Flooring|Luxury Vinyl|Yes;Heating|Central|Yes;Laundry Features|Main Level|Yes;Listing Terms|Cash|Yes;Listing Terms|VA Loan|Yes;Listing Terms|USDA Loan|Yes;Listing Terms|FHA|Yes;Listing Terms|Conventional|Yes;Main Room Levels|Main Level Bathrooms|2;Main Room Levels|Main Level Bedrooms|3;Parking Features|Garage Faces Front|Yes;Parking Features|Open|Yes;Parking Features|Garage Door Opener|Yes;Parking Information|Open Parking Spaces|2;Parking Information|Open Parking YN|Yes;Possession|Close Of Escrow|Yes;Road Responsibility|Public Maintained Road|Yes;Roof|Architectural|Yes;Room Types|Bedroom|Yes;Room Types|Primary Bedroom Level|Main;Room Types|Primary Bedroom|Yes;Room Types|Living Room Level|Main;Room Types|Living Room|Yes;Room Types|Kitchen Level|Main;Room Types|Kitchen|Yes;Room Types|Dining Room Level|Main;Room Types|Dining Room|Yes;Room Types|Bedroom Level|Main;Sewer|Public Sewer|Yes;Water Source|Public|Yes;Lock Box Type|None|Yes;Levels|One|Yes;Special Listing Conditions|Standard|Yes;Showing Requirements|Call Listing Agent|Yes;"
"2603387","Total Realty Source","(731) 574-9340","Lisa Ann Ballinger","","Residential","Residential","Single Family Residence","","","","2027-01-18","SF","2026-07-17","","","","A","2026-07-17","","","269900.00","269900.00","","Builder","","520","E","Church","","","Street","Medina","TN","Gibson","38355","1","","35.801591","-88.769092","0.00","2026",".28","3","2.00","2","0","117.84","None","Gibson County Special District","176G D 008.01","","","","2026-07-18 11:33:46.570298","","","Excl Right to Sell","","","","","2.00","","4.00","","","","","","","","N","Y","N","","0.2800","","731 Contractors LLC","","N","N","N","Y","Y","","Exceptional New Construction in the Coveted Medina School District at an Affordable Price!   From the Beautiful Exterior to the Upgrades on the inside, this Home has so much to Offer!  Enter into the Foyer with a View of the Great Room that is open to the Dining Room Area and Kitchen.  The Kitchen will have Solid Surface Countertops and Stainless-Steel Appliances.  Off of the Great Room enjoy a Patio Area for those Relaxing Evenings.  3 Bedrooms with the Primary Bedroom featuring a Large Walk-In Closet and En-Suite with Tiled Shower.  Call Today for more Details","Square Footage to be Determined by Appraiser.  Taxes to be Determined by Assessor after Completion.  As of July 17th, slab is poured.","","","Y","Y","N","N","N","N","N","Y","","Y","","","","","49.20","37.35","31.29","","","","1","","","","","","","N","","","N","","N","","","http://cdn.photos.sparkplatform.com/ctn/20260717150509079215000000.jpg","","27","Kitchen:|||||;Primary Bedroom:|||||;Bedroom:|||||;Bedroom:|||||;Living Room:|||||;","Appliances|Dishwasher|Yes;Appliances|Electric Range|Yes;Attic Features|Pull-Down Stairs|Yes;Construction Materials|Vinyl Siding|Yes;Cooling|Central Air|Yes;Cooling|Ceiling Fan(s)|Yes;Documents|Confirmation of Agency|Yes;Documents|Property Exemption|Yes;Flooring|Luxury Vinyl|Yes;Heating|Central|Yes;Interior Features|Ceiling Fan(s)|Yes;Interior Features|Walk-In Closet(s)|Yes;Interior Features|Open Floorplan|Yes;Interior Features|Kitchen Island|Yes;Interior Features|Entrance Foyer|Yes;Listing Terms|Cash|Yes;Listing Terms|VA Loan|Yes;Listing Terms|USDA Loan|Yes;Listing Terms|FHA|Yes;Listing Terms|Conventional|Yes;Main Room Levels|Main Level Bathrooms|2;Main Room Levels|Main Level Bedrooms|3;Parking Features|Garage Faces Front|Yes;Parking Features|Open|Yes;Parking Features|Garage Door Opener|Yes;Parking Information|Open Parking Spaces|2;Parking Information|Open Parking YN|Yes;Patio And Porch Features|Porch|Yes;Possession|Close Of Escrow|Yes;Road Responsibility|Public Maintained Road|Yes;Roof|Architectural|Yes;Room Types|Bedroom|Yes;Room Types|Primary Bedroom Level|Main;Room Types|Primary Bedroom|Yes;Room Types|Living Room Level|Main;Room Types|Living Room|Yes;Room Types|Kitchen Level|Main;Room Types|Kitchen|Yes;Room Types|Dining Room Level|Main;Room Types|Dining Room|Yes;Room Types|Bedroom Level|Main;Security Features|Smoke Detector(s)|Yes;Sewer|Public Sewer|Yes;Water Source|Public|Yes;Lock Box Type|None|Yes;Levels|One|Yes;Special Listing Conditions|Standard|Yes;Showing Requirements|Call Listing Agent|Yes;"
"2603442","Total Realty Source","(731) 574-9340","Jackie David","","Residential","Residential","Single Family Residence","","","","2026-09-30","SF","2026-07-22","","","","A","2026-07-22","","","205000.00","199000.00","","Other","","111","","Westwood","","","Avenue","Jackson","TN","Madison","38301","1","","35.631964","-88.819354","1712.00","1950","45.5 X 106","4","3.00","3","0","","Walnut Grove","Jackson Madison Consolidated District","078A D 009.00","","Go south on North Highland, continue south and take a right onto Westwood, house is on the right.","","2026-08-03 09:27:48.238502","","Owner","Excl Right to Sell","","","","","","","2.00","116.24","","","","","4335","N","N","N","N","","","","","","N","N","N","N","Y","","Step into this fully renovated gem in the heart of the Lana District! This spacious 4-bedroom, 3 full bath home has been completely updated from top to bottom, offering modern comfort and style throughout. Enjoy a brand-new kitchen featuring stainless steel appliances, new cabinets, and gorgeous countertops, along with new flooring throughout that flows seamlessly through every room. All three bathrooms have been beautifully updated with contemporary finishes. Major improvements include a new HVAC system, new roof, and new siding--giving you peace of mind for years to come. With an abundance of natural light, and move-in ready condition, this home perfectly blends modern updates with everyday functionality. Conveniently located near shopping, dining, schools, and parks, it's everything you've been looking for!","All information contained herein, including square footage, is deemed accurate, however it is not warranted by Seller, Realtor or Company. For school info visit www.jmcss.org or call 731-664-2532. All information deemed accurate but is not warranted by the seller, company, or the Realtor. Square footage to be determined by appraiser. This document is to be used for reference only and is not a valid part of the sales contract between the buyer and the seller.","","","","N","N","N","N","N","","Y","","N","","","","","0.00","257.00","298.00","","","","1","","","","","","","N","","N","N","N","N","","","http://cdn.photos.sparkplatform.com/ctn/20260722133608075367000000.jpg","2026-08-03 09:27:48.196977","22","Kitchen:|||||;Living Room:|||||;Primary Bedroom:|||||;Bedroom:|||||;Bedroom:|||||;Bedroom:|||||;Primary Bathroom:|||||;Utility Room:|||||;Bathroom:|||||;Bathroom:|||||;","Appliances|Electric Range|Yes;Appliances|Stainless Steel Appliance(s)|Yes;Appliances|Range Hood|Yes;Appliances|Refrigerator|Yes;Appliances|Electric Water Heater|Yes;Ceiling Heights|8 Foot|Yes;Construction Materials|Lap Siding|Yes;Documents|Lead Based Paint Disclosure|Yes;Documents|Disclaimer Notice|Yes;Documents|Mold/Mildew Disclosure|Yes;Documents|Property Exemption|Yes;Documents|Property Disclosure|Yes;Documents|Confirmation of Agency|Yes;Flooring|Laminate|Yes;Foundation Details|Other|Yes;Heating|Central|Yes;Heating|Electric|Yes;Interior Features|Ceiling Fan(s)|Yes;Interior Features|Double Vanity|Yes;Laundry Features|Electric Dryer Hookup|Yes;Laundry Features|Washer Hookup|Yes;Laundry Features|Main Level|Yes;Laundry Features|Laundry Room|Yes;Listing Terms|Cash|Yes;Listing Terms|VA Loan|Yes;Listing Terms|FHA|Yes;Listing Terms|Conventional|Yes;Lock Box Information|Lock Box Location|front door;Lock Box Information|Lock Box Serial Number|2308475;Main Room Levels|Main Level Bathrooms|3;Main Room Levels|Main Level Bedrooms|4;Parking Features|Alley Access|Yes;Parking Features|Open|Yes;Parking Information|Open Parking Spaces|2;Parking Information|Open Parking YN|Yes;Patio And Porch Features|Front Porch|Yes;Patio And Porch Features|Porch|Yes;Possession|Close Of Escrow|Yes;Road Frontage Type|Alley|Yes;Road Frontage Type|City Street|Yes;Road Surface Type|Asphalt|Yes;Roof|Architectural|Yes;Room Types|Bathroom|Yes;Room Types|Utility Room Level|Main;Room Types|Utility Room|Yes;Room Types|Primary Bedroom Level|Main;Room Types|Primary Bedroom|Yes;Room Types|Primary Bathroom Level|Main;Room Types|Primary Bathroom|Yes;Room Types|Living Room Level|Main;Room Types|Living Room|Yes;Room Types|Kitchen Level|Main;Room Types|Kitchen|Yes;Room Types|Bedroom Level|Main;Room Types|Bedroom|Yes;Room Types|Bathroom Level|Main;Sewer|Public Sewer|Yes;Showing Information|Showing Attended YN|No;Utilities|Electricity Available|Yes;Utilities|Sewer Connected|Yes;Utilities|Electricity Connected|Yes;Water Source|Public|Yes;Window Features|Blinds|Yes;Window Features|Vinyl Frames|Yes;Lock Box Type|SentriLock|Yes;Levels|One|Yes;Special Listing Conditions|Standard|Yes;Showing Requirements|ShowingTime|Yes;"
"2601147","Total Realty Source","(731) 574-9340","Amy McLemore","","Residential","Residential","Single Family Residence","","","","2027-03-19","SF","2026-03-19","","2026-07-02","","P","2026-07-02","","","332500.00","323900.00","","Assessor","","265","","Chronicles","","","Drive","Medina","TN","Gibson","38355","","","35.798133","-88.776757","2154.00","2019","80X120","4","2.00","2","0","2198.04","Jabez Estates","Gibson County Special District","176I A 042.00","","From the intersection of 45 Bypass and Hwy 152/Church St., go east on Church St. Proceed through the 4-way stop, cross over the railroad tracks, and make the first right onto Park Blvd./Rowlett Ave. Right on Jabez Dr. Take the 2nd right on Chronicles Dr. Home will be on the right.","Jason Lloyd Mollett & Tracie A. Mollett","2026-07-02 17:28:33.760983","","Owner","Excl Right to Sell","","","","","2.00","","6.00","150.37","","","","","","N","N","N","N","","0.2200","2026-08-17","","","N","N","N","Y","Y","","Welcome to 265 Chronicles Drive, a stunning contemporary ranch in the coveted Jabez Estates in Medina, TN. This 1.5-story, 4-bedroom, 2-bath home offers 2,154 heated sq. ft. of modern living space, including an office (which could also be a walk-in pantry) and a versatile 4th bedroom/rec room upstairs. Step inside to a split-bedroom floor plan with luxury vinyl plank and ceramic tile flooring throughout, hardwood stair treads?NO carpet! 9' ceilings downstairs, 2-panel arch top interior doors with bead board detailing, and lots of crown molding! The spacious great room features a gorgeous corner stacked stone gas log fireplace, perfect for cozy nights in. The chef's kitchen is equipped with stainless steel appliances, a 5-burner gas range, a smart Wi-Fi-enabled refrigerator, white shaker-style cabinets, a built-in pantry cabinet, granite countertops, and a marble backsplash; there's plenty of room to add your own kitchen island. Washer and dryer stay. Relax in the owner's suite, complete with a tray ceiling, decorative chair rail and crown molding, a large 9x5 walk-in closet, and a luxurious walk-in tile shower with bench and double vanities. The HVAC system has been upgraded with zoning for enhanced comfort and efficiency throughout the home. Additional features include a 2-car attached garage with a storage room, a tankless gas water heater, and a 12x10 storage building with solar panels within the fenced-in backyard. Enjoy the outdoors on the open rear patio. Nestled in a quiet, self-contained neighborhood with no HOA!","","","","Y","N","N","Y","N","N","N","Y","","Y","","","","","917.67","696.63","583.73","","","1","2","","D","","Residential","","176I A 042.00","N","N","Y","N","N","N","","","http://cdn.photos.sparkplatform.com/ctn/20260318121645629118000000.jpg","2026-06-15 15:41:07.689418","105","Great Room:|||||;Kitchen:|||||;Dining Room:|||||;Primary Bedroom:|||||;Primary Bathroom:|||||;Bedroom:|||||;Bathroom:|||||;Bedroom:|||||;Bedroom:|||||;Office:|||||;Foyer:|||||;Laundry:|||||;Loft:|||||;","Appliances|Dryer|Yes;Appliances|Microwave Vent Hood|Yes;Appliances|Washer|Yes;Appliances|Tankless Water Heater|Yes;Appliances|Stainless Steel Appliance(s)|Yes;Appliances|Smart Appliance(s)|Yes;Appliances|Self Cleaning Oven|Yes;Appliances|Refrigerator|Yes;Appliances|Gas Water Heater|Yes;Appliances|Gas Range|Yes;Appliances|Dishwasher|Yes;Attic Features|Partially Floored|Yes;Attic Features|Pull-Down Stairs|Yes;Ceiling Heights|8 Foot|Yes;Ceiling Heights|9 Foot|Yes;Construction Materials|Brick|Yes;Cooling|Central Air|Yes;Cooling|Zoned|Yes;Cooling|Electric|Yes;Cooling|Ceiling Fan(s)|Yes;Documents|Restrictive Covenants|Yes;Documents|Property Disclosure|Yes;Documents|Confirmation of Agency|Yes;Electric|200+ Amp Service|Yes;Electric|Underground|Yes;Electric|Circuit Breakers|Yes;Exterior Features|Rain Gutters|Yes;Fencing|Wood|Yes;Fireplace Features|Gas Log|Yes;Fireplace Features|Ventless|Yes;Fireplace Features|Other|Yes;Fireplace Features|Gas Starter|Yes;Fireplace Features|Great Room|Yes;Flooring|Ceramic Tile|Yes;Flooring|Luxury Vinyl|Yes;Foundation Details|Slab|Yes;Heating|Central|Yes;Heating|Zoned|Yes;Heating|Natural Gas|Yes;Heating|Forced Air|Yes;Heating|Fireplace(s)|Yes;Interior Features|Cathedral Ceiling(s)|Yes;Interior Features|Blown/Textured Ceilings|Yes;Interior Features|Quartz Countertops|Yes;Interior Features|Ceramic Tile Shower|Yes;Interior Features|Tub Shower Combo|Yes;Interior Features|Knocked Down Ceilings|Yes;Interior Features|Walk-In Closet(s)|Yes;Interior Features|Vaulted Ceiling(s)|Yes;Interior Features|Tray Ceiling(s)|Yes;Interior Features|Smart Thermostat|Yes;Interior Features|Primary Downstairs|Yes;Interior Features|Pantry|Yes;Interior Features|High Ceilings|Yes;Interior Features|Granite Counters|Yes;Interior Features|Eat-in Kitchen|Yes;Interior Features|Entrance Foyer|Yes;Interior Features|Double Vanity|Yes;Interior Features|Crown Molding|Yes;Interior Features|Ceiling Fan(s)|Yes;Laundry Features|Electric Dryer Hookup|Yes;Laundry Features|Washer Hookup|Yes;Laundry Features|Main Level|Yes;Laundry Features|Laundry Room|Yes;Listing Terms|Cash|Yes;Listing Terms|VA Loan|Yes;Listing Terms|USDA Loan|Yes;Listing Terms|FHA|Yes;Listing Terms|Conventional|Yes;Lock Box Information|Lock Box Location|Mailbox;Lock Box Information|Lock Box Serial Number|2315183;Lot Features|Level|Yes;Main Room Levels|Main Level Bathrooms|2;Main Room Levels|Main Level Bedrooms|3;Other Structures|Shed(s)|Yes;Parking Features|Garage Faces Front|Yes;Parking Features|Open|Yes;Parking Features|Guest|Yes;Parking Features|Garage Door Opener|Yes;Parking Information|Open Parking Spaces|4;Parking Information|Open Parking YN|Yes;Patio And Porch Features|Other|Yes;Patio And Porch Features|Patio|Yes;Possession|Close Of Escrow|Yes;Possession|See Remarks|Yes;Possession|Seller Rent Back|Yes;Road Frontage Type|City Street|Yes;Road Responsibility|Public Maintained Road|Yes;Road Surface Type|Asphalt|Yes;Roof|Architectural|Yes;Room Types|Bathroom|Yes;Room Types|Foyer|Yes;Room Types|Foyer Level|Main;Room Types|Primary Bedroom Level|Main;Room Types|Primary Bedroom|Yes;Room Types|Primary Bathroom Level|Main;Room Types|Primary Bathroom|Yes;Room Types|Office Level|Main;Room Types|Office|Yes;Room Types|Loft Level|Upper;Room Types|Loft|Yes;Room Types|Laundry Level|Main;Room Types|Laundry|Yes;Room Types|Kitchen Level|Main;Room Types|Kitchen|Yes;Room Types|Great Room Level|Main;Room Types|Great Room|Yes;Room Types|Dining Room Level|Main;Room Types|Dining Room|Yes;Room Types|Bedroom Level|Upper;Room Types|Bedroom|Yes;Room Types|Bathroom Level|Main;Security Features|Smoke Detector(s)|Yes;Sewer|Public Sewer|Yes;Showing Information|Showing Attended YN|No;Utilities|Cable Available|Yes;Utilities|Fiber Optic Available|Yes;Utilities|Water Connected|Yes;Utilities|Underground Utilities|Yes;Utilities|Sewer Connected|Yes;Utilities|Phone Available|Yes;Utilities|Natural Gas Connected|Yes;Water Source|Public|Yes;Window Features|Double Pane Windows|Yes;Window Features|Vinyl Frames|Yes;Window Features|Other|Yes;Window Features|Low-Emissivity Windows|Yes;Lock Box Type|SentriLock|Yes;Levels|One and One Half|Yes;Special Listing Conditions|Standard|Yes;Showing Requirements|Appointment Only|Yes;Showing Requirements|Call Appointment Center|Yes;Showing Requirements|ShowingTime|Yes;"
"2602420","Total Realty Source","(731) 574-9340","Laura Burke","","Residential","Residential","Single Family Residence","","","","2026-10-22","SF","2026-05-22","","2026-07-13","","P","2026-07-13","","","149900.00","143900.00","","Other","","5","","Clearview","","","Avenue","Trezevant","TN","Carroll","38258","1","","36.007812","-88.613894","1184.00","1971","200X184","3","1.00","1","0","730.02","None","West Carroll School District","058N D 043.01","","","Laura Burke","2026-07-13 19:51:24.018573","","Vacant","Excl Right to Sell","","","1184.00","","","","1.00","121.54","","","","","","N","Y","N","N","","0.8200","2026-08-07","","","N","N","N","Y","Y","","Completely remodeled 3-bedroom, 1-bath brick home on .80 acres in Trezevant Tennessee ? and this one was done right. Floor joists and subfloor were replaced before new flooring and carpet ever went down. All new cabinets, countertops, windows, six-panel doors, and fresh paint throughout. Metal roof. Whether you're a first-time buyer or looking to stop renting, this one is move-in ready without the question marks. This one wont last long.","Owner Agent","","","","N","N","N","N","N","N","Y","","N","","1.00","","","270.49","145.59","313.94","","","","1","","","","","","","N","N","N","N","N","N","","","http://cdn.photos.sparkplatform.com/ctn/20260523162923123555000000.jpg","2026-07-01 21:24:36.776523","52","Kitchen:|||||;Primary Bedroom:|||||;Bedroom:|||||;Bedroom:|||||;Laundry:|||||;Living Room:|||||;Bathroom:|||||;","Appliances|Dishwasher|Yes;Appliances|Stainless Steel Appliance(s)|Yes;Appliances|Microwave|Yes;Appliances|Electric Water Heater|Yes;Ceiling Heights|8 Foot|Yes;Construction Materials|Brick|Yes;Cooling|Central Air|Yes;Cooling|Electric|Yes;Documents|Lead Based Paint Disclosure|Yes;Documents|Disclaimer Notice|Yes;Documents|Personal Interest Disclosure|Yes;Documents|Property Disclosure|Yes;Documents|Confirmation of Agency|Yes;Flooring|Carpet|Yes;Flooring|Laminate|Yes;Heating|Central|Yes;Heating|Electric|Yes;Interior Features|Eat-in Kitchen|Yes;Interior Features|Tub Shower Combo|Yes;Interior Features|Walk-In Closet(s)|Yes;Interior Features|Laminate Counters|Yes;Laundry Features|Electric Dryer Hookup|Yes;Laundry Features|Washer Hookup|Yes;Laundry Features|Main Level|Yes;Laundry Features|Laundry Room|Yes;Listing Terms|Cash|Yes;Listing Terms|VA Loan|Yes;Listing Terms|USDA Loan|Yes;Listing Terms|FHA|Yes;Listing Terms|Conventional|Yes;Lock Box Information|Lock Box Location|Lock box on front door;Lock Box Information|Lock Box Serial Number|2312510;Main Room Levels|Main Level Bathrooms|1;Main Room Levels|Main Level Bedrooms|3;Other Structures|Workshop|Yes;Parking Features|Other|Yes;Parking Information|Open Parking YN|No;Parking Information|Other Parking|Driveway;Patio And Porch Features|Covered|Yes;Patio And Porch Features|Front Porch|Yes;Possession|Close Of Escrow|Yes;Road Frontage Type|City Street|Yes;Road Responsibility|Public Maintained Road|Yes;Road Surface Type|Asphalt|Yes;Roof|Metal|Yes;Room Types|Bathroom|Yes;Room Types|Primary Bedroom Level|Main;Room Types|Primary Bedroom|Yes;Room Types|Living Room Level|Main;Room Types|Living Room|Yes;Room Types|Laundry Level|Main;Room Types|Laundry|Yes;Room Types|Kitchen Level|Main;Room Types|Kitchen|Yes;Room Types|Bedroom Level|Main;Room Types|Bedroom|Yes;Room Types|Bathroom Level|Main;Security Features|Carbon Monoxide Detector(s)|Yes;Security Features|Smoke Detector(s)|Yes;Sewer|Public Sewer|Yes;Showing Information|Showing Attended YN|No;Showing Information|Showing Instructions|Turn off all lights before leaving----Water is currently turned off at street;Water Source|Public|Yes;Window Features|Vinyl Frames|Yes;Lock Box Type|SentriLock|Yes;Levels|One|Yes;Special Listing Conditions|Agent Owned|Yes;Showing Requirements|Call Listing Agent|Yes;Showing Requirements|ShowingTime|Yes;"
"247671","Total Realty Source","(731) 574-9340","Ashley McMillan","","Residential","Residential","Single Family Residence","","","","2026-12-31","SF","2024-12-18","","2026-03-18","","P","2026-03-19","","","379900.00","379900.00","","Assessor","","2834","N","Central","","","Avenue","Humboldt","TN","Gibson","38343","","","35.846937","-88.914854","1623.00","1964","1 acre","3","2.00","2","0","","None","","165 004.03","","","Billy and Joann Carr","2026-03-19 14:25:05.51693","","","Excl Right to Sell","","","","","2.00","","2.00","234.07","0.00","","","","","","","","","","","2026-09-14","","","","","N","","","","Currently zoned as residential but wants to sell as commercial. This property is surrounded by commercial properties and needs to be rezoned. Property is at the corner of Mag Duffey and N. Central Ave. Tractor Supply is being built across the street from property.","Per the sellers they do not want to sell as residential. They feel the house needs to be torn down and zoned for commercial. Tractor Supply is supposed to be built across the street from this property. Vet next door is for sale and home to the right of this house is being sold as commercial.","","","Y","N","","","N","","","Y","","Y","","","","","0.00","607.00","245.00","","","","","","","","","","","N","","","N","","","","","http://cdn.photos.sparkplatform.com/ctn/20241218224841838369000000.jpg","","455","Kitchen:|||||;Primary Bedroom:|||||;","Documents|Lead Based Paint Disclosure|Yes;Documents|Disclaimer Notice|Yes;Documents|Property Exemption|Yes;Documents|Confirmation of Agency|Yes;Main Room Levels|Main Level Bathrooms|2;Main Room Levels|Main Level Bedrooms|3;Road Responsibility|Public Maintained Road|Yes;Room Types|Kitchen|Yes;Room Types|Primary Bedroom Level|Main;Room Types|Primary Bedroom|Yes;Room Types|Kitchen Level|Main;Showing Information|Showing Instructions|Seller does not want people going into the house. They feel the house should be torn down and land used for commercial purposes.;Lock Box Type|See Remarks|Yes;Levels|One|Yes;Special Listing Conditions|Standard|Yes;Showing Requirements|Call Listing Agent|Yes;"
"2602808","Total Realty Source","(731) 574-9340","Lisa Ann Ballinger","","Residential","Residential","Single Family Residence","","","","2026-12-16","SF","2026-06-15","","2026-07-21","","P","2026-07-21","","","79900.00","69900.00","","Assessor","","1120","S","Hight","","","Street","Trenton","TN","Gibson","38382","1","","35.965716","-88.946006","1256.00","1939","86 X 130 M","3","1.00","1","0","596.62","None","Trenton School District","107L K 011.00","","","","2026-07-21 09:37:32.472801","","Tenant","Excl Right to Sell","","","","","","","4.00","55.65","","","","","","","N","N","","","0.0000","2026-08-20","","","","","N","","","","3 Bedroom, 1 Bathroom Home that is Currently Rented.  Tenant is Month to Month.  Sale includes Lot behind the house on Alco Street which gives you a Large Backyard great for Entertaining, Kids Playing, Swimming Pool, etc.  Roof was Installed in late 2019 or 2020.   Home has Large Eat-In Kitchen with a Laundry Room off of Kitchen.  Convenient Location with a Grocery Store just down the road and Elementary School Close; easy access to 45 By-Pass.","Included in Sale is 107L K 013.00.  Lot is on Alco Street and is right behind home.  Home needs a little TLC.  Tenant pays $650 a month and would like to stay but is prepared to vacate if required.  24 Hour Notice for Showings!","","","","N","","N","N","N","","Y","","N","","","","","256.91","227.20","148.13","","","","0","","","","","","","N","N","N","N","N","","","","http://cdn.photos.sparkplatform.com/ctn/20260425151420568704000000.jpg","2026-07-10 17:12:36.181264","36","Kitchen:|||||;Primary Bedroom:|||||;Bedroom:|||||;Bedroom:|||||;Living Room:|||||;Laundry:|||||;","Appliances|Electric Range|Yes;Appliances|Electric Water Heater|Yes;Flooring|Laminate|Yes;Flooring|Linoleum|Yes;Listing Terms|Cash|Yes;Listing Terms|Conventional|Yes;Main Room Levels|Main Level Bathrooms|1;Main Room Levels|Main Level Bedrooms|3;Parking Features|Open|Yes;Parking Information|Open Parking Spaces|4;Parking Information|Open Parking YN|Yes;Possession|Negotiable|Yes;Road Frontage Type|City Street|Yes;Road Responsibility|Public Maintained Road|Yes;Room Types|Bedroom|Yes;Room Types|Primary Bedroom Level|Main;Room Types|Primary Bedroom|Yes;Room Types|Living Room Level|Main;Room Types|Living Room|Yes;Room Types|Laundry Level|Main;Room Types|Laundry|Yes;Room Types|Kitchen Level|Main;Room Types|Kitchen|Yes;Room Types|Bedroom Level|Main;Sewer|Public Sewer|Yes;Showing Information|Showing Instructions|Call Listing Agent;Water Source|Public|Yes;Window Features|Wood Frames|Yes;Lock Box Type|None|Yes;Levels|One|Yes;Special Listing Conditions|Standard|Yes;Showing Requirements|24 Hour Notice|Yes;"
"234262","Total Realty Source","(731) 574-9340","Lynda C Climer","","Commercial","Commercial Sale","Mixed Use","","","","2024-03-24","MU","2023-10-10","","2024-01-03","","P","2024-01-09","","","479000.00","469000.00","","","","1938","","Highway 45 Byp","","","","Jackson","TN","Madison","38305","1","","35.661059","-88.852812","2261.00","","100 x 150","","","","","","","","055K C 008.01","","From 45 Bypass, turn east onto Carriage House Drive - take first left onto Hwy 45 Bypass service road.   Building is 2nd on right.    From No. Highland Avenue - turn west onto Carriage House Drive.   Follow it to Wiley Parker Road - turn right and continue to 1938 Bypass US 45 No.","","2024-08-14 12:58:49.76758","","Vacant","Excl Right to Sell","","","","","","2314.00","27.00","207.43","","","","","","","","","","N","","2024-01-16","","","","","","Y","Y","","This is a perfect commercial location with exposure to 45 Bypass and Carriage House Drive for your office, retail or restaurant.   Building has been used for restaurants.  Currently vacant -","There is a lockbox on front door.   Please call 731-217-3827 for access code.","","Outside Storage","","","","","","","","Y","","","","","","","","1069.97","1244.07","","","","","","","055J","Zoned Commercial / Land use Restaurant","","","","","","","","","","","http://cdn.photos.sparkplatform.com/ctn/20240530050116141691000000.jpg","","85","","Building Features|Warehouse Area|0;Building Features|Ceiling Height|8;Building Features|Office Area|0;Business Type|Other|Yes;Construction Materials|Concrete|Yes;Construction Materials|Steel Frame|Yes;Construction Materials|Stone|Yes;Cooling|Electric|Yes;Flooring|Concrete|Yes;Flooring|Vinyl|Yes;Heating|Central|Yes;Heating|Natural Gas|Yes;Historical Information|Public Historical Remarks|Area: JACKSON NORTH E, Age: 25;Possession|Close Of Escrow|Yes;Road Frontage Type|Highway|Yes;Roof|Other|Yes;Location|Free Standing|Yes;Special Listing Conditions|Standard|Yes;Showing Requirements|Call Listing Agent|Yes;"
"2600613","Total Realty Source","(731) 574-9340","Jackie David","","Land","Land","Agriculture","","","","2026-08-10","AG","2026-02-09","","2026-08-01","","P","2026-08-01","","","429000.00","343000.00","","","","0","","Chapel Hill","","","Road","Milan","TN","Gibson","38358","","","35.858821","-88.777328","","","1424x1559x1596","","","","","317.13","None","Gibson County Special District","159    071.03","159    071.03","","Randall","2026-08-01 13:00:51.943771","","","Excl Right to Sell","","","","","","","","11525.54","","","","","","","","","","","29.7600","2026-08-28","","","","","N","","","","Exceptional 29.76-acre tract on Chapel Hill Road in Milan! This versatile property features gently rolling terrain with a perfect mix of open pasture and mature hardwood trees. Excellent road frontage provides easy access. South Gibson County School District. Whether you're looking to build your dream home, start a hobby farm, or invest in quality land, this property offers endless possibilities. Enjoy peaceful rural living while staying close to Milan's conveniences and amenities. Easy commute to Jackson and surrounding areas. Property boundaries shown in photo are approximate - not a survey. Buyer to verify all information including acreage, utilities, and boundaries. Professional survey recommended. Don't miss this rare opportunity to own prime West Tennessee acreage!","","","","","","","","","","","N","","","","","","","193.82","0.00","123.30","","","","","1559","","","","","","N","N","","N","","","","","http://cdn.photos.sparkplatform.com/ctn/20260216171741030273000000.jpg","2026-05-19 16:23:29.656726","135","","Documents|Aerial Photo|Yes;Land Details|Pasture Area|0;Land Details|CRP Lease YN|No;Land Details|Billboard/Sign Lease YN/Tower|No;Land Details|Tillable Area|0;Land Details|Wooded Area|0;Road Surface Type|Asphalt|Yes;Road Responsibility|Public Maintained Road|Yes;Special Listing Conditions|Standard|Yes;Showing Requirements|ShowingTime|Yes;"
"2603295","Total Realty Source","(731) 574-9340","Ashley McMillan","","Residential","Residential","Single Family Residence","","","","2026-11-30","SF","2026-07-14","","2026-07-24","","P","2026-07-24","","","699900.00","699900.00","","Assessor","","123","","Pleasant Hill","","","Road","Humboldt","TN","Gibson","38343","2","","35.831654","-88.843903","3370.00","2010","87120","5","4.00","4","0","3634.39","None","Gibson County Special District","164    051.20","","","Ross McMillan","2026-07-24 16:18:11.80763","","Owner","Excl Right to Sell","","","","","2.00","","6.00","207.69","","","","","","N","","N","N","","2.0000","2026-08-28","","","Y","N","N","","","","Luxury Living in Medina School District    Every detail of this exceptional custom-built home was designed with comfort, style, and entertaining in mind. Nestled on 2 beautiful acres with peaceful surroundings, this property offers the space your family has been looking for?both inside and out.    5 Bedrooms | 4 Bathrooms? 4 spacious bedrooms on the main level? Private upstairs retreat with a bedroom, large bathroom, game room, and flex room? Bonus room with endless possibilities? Second downstairs bedroom features its own private bathroom?perfect for guests or multi-generational living     Features You'll Love:  In-ground saltwater pool  Outdoor grilling and entertaining area  Pool house/storage building  Interior storm shelter  Custom built-ins throughout  Stone gas fireplace  Surround sound inside and outside  Beautiful finishes and thoughtful craftsmanship  Whether you're relaxing by the pool, hosting friends and family, or enjoying the quiet beauty of the surrounding property, this home truly offers the lifestyle you've been dreaming of.    Located on 2 acres in the highly desirable Medina School District.  This is more than a home?it's a place to make memories.","","","","Y","N","N","Y","N","N","","N","","Y","","","","","2221.37","0.00","1413.02","","","1","2","","","","","","","N","N","","N","","N","","","http://cdn.photos.sparkplatform.com/ctn/20260714165733364050000000.jpg","","10","Kitchen:|||||;Primary Bedroom:|||||;Bedroom:|||||;Bedroom:|||||;Bedroom:|||||;Bonus Room:|||||;Safe Room:|||||;Bedroom:|||||;Game Room:|||||;Laundry:|||||;Dining Room:|||||;Living Room:|||||;","Appliances|Disposal|Yes;Appliances|Wine Cooler|Yes;Appliances|Tankless Water Heater|Yes;Appliances|Stainless Steel Appliance(s)|Yes;Appliances|Self Cleaning Oven|Yes;Appliances|Microwave|Yes;Appliances|Electric Range|Yes;Appliances|Exhaust Fan|Yes;Appliances|Dishwasher|Yes;Attic Features|Unfinished|Yes;Attic Features|Walk-In Attic|Yes;Construction Materials|Brick|Yes;Construction Materials|Stone|Yes;Documents|Confirmation of Agency|Yes;Documents|Septic|Yes;Documents|Disclaimer Notice|Yes;Documents|Personal Interest Disclosure|Yes;Documents|Property Disclosure|Yes;Exterior Features|Rain Gutters|Yes;Fencing|Wrought Iron|Yes;Fireplace Features|Gas Log|Yes;Flooring|Hardwood|Yes;Flooring|Tile|Yes;Interior Features|Bookcases|Yes;Interior Features|Blown/Textured Ceilings|Yes;Interior Features|Quartz Countertops|Yes;Interior Features|Jetted Tub|Yes;Interior Features|Ceramic Tile Shower|Yes;Interior Features|Commode Room|Yes;Interior Features|Tub Shower Combo|Yes;Interior Features|Walk-In Closet(s)|Yes;Interior Features|Wet Bar|Yes;Interior Features|Vaulted Ceiling(s)|Yes;Interior Features|Tray Ceiling(s)|Yes;Interior Features|Sound System|Yes;Interior Features|Soaking Tub|Yes;Interior Features|Smart Thermostat|Yes;Interior Features|Smart Camera(s)/Recording|Yes;Interior Features|Primary Downstairs|Yes;Interior Features|Pantry|Yes;Interior Features|Open Floorplan|Yes;Interior Features|Kitchen Island|Yes;Interior Features|In-Law Floorplan|Yes;Interior Features|High Ceilings|Yes;Interior Features|Eat-in Kitchen|Yes;Interior Features|Entrance Foyer|Yes;Interior Features|Double Vanity|Yes;Interior Features|Crown Molding|Yes;Interior Features|Ceiling Fan(s)|Yes;Laundry Features|Electric Dryer Hookup|Yes;Laundry Features|Washer Hookup|Yes;Laundry Features|Sink|Yes;Laundry Features|Main Level|Yes;Laundry Features|Laundry Room|Yes;Lock Box Information|Lock Box Location|front porch;Lock Box Information|Lock Box Serial Number|2308445;Lot Features|Level|Yes;Main Room Levels|Main Level Bathrooms|3;Main Room Levels|Main Level Bedrooms|4;Other Structures|Shed(s)|Yes;Other Structures|Storage|Yes;Parking Features|Garage Faces Side|Yes;Parking Features|Open|Yes;Parking Features|Garage Door Opener|Yes;Parking Information|Open Parking Spaces|4;Parking Information|Open Parking YN|Yes;Patio And Porch Features|Front Porch|Yes;Patio And Porch Features|Rear Porch|Yes;Patio And Porch Features|Porch|Yes;Pool Features|Diving Board|Yes;Pool Features|Salt Water|Yes;Pool Features|Private|Yes;Pool Features|Pool Cover|Yes;Pool Features|Liner|Yes;Pool Features|In Ground|Yes;Possession|Close Of Escrow|Yes;Road Frontage Type|County Road|Yes;Road Responsibility|Public Maintained Road|Yes;Road Surface Type|Asphalt|Yes;Roof|Shingle|Yes;Roof|Architectural|Yes;Room Types|Bonus Room|Yes;Room Types|Safe Room|Yes;Room Types|Safe Room Level|Main;Room Types|Primary Bedroom Level|Main;Room Types|Primary Bedroom|Yes;Room Types|Living Room Level|Main;Room Types|Living Room|Yes;Room Types|Laundry Level|Main;Room Types|Laundry|Yes;Room Types|Kitchen Level|Main;Room Types|Kitchen|Yes;Room Types|Game Room Level|Upper;Room Types|Game Room|Yes;Room Types|Dining Room Level|Main;Room Types|Dining Room|Yes;Room Types|Bedroom Level|Upper;Room Types|Bedroom|Yes;Room Types|Bonus Room Level|Upper;Security Features|Carbon Monoxide Detector(s)|Yes;Security Features|Internal Storm Shelter|Yes;Security Features|Security System|Yes;Security Features|Smoke Detector(s)|Yes;Sewer|Private Sewer|Yes;Sewer|Septic Tank|Yes;Showing Considerations|Pet(s) on Premises|Yes;Showing Considerations|Security System|Yes;Showing Information|Showing Attended YN|No;Water Source|Private|Yes;Water Source|Well|Yes;Window Features|Blinds|Yes;Window Features|Shutters|Yes;Lock Box Type|SentriLock|Yes;Levels|One and One Half|Yes;Special Listing Conditions|Agent Owned|Yes;Showing Requirements|ShowingTime|Yes;"
"2603644","Total Realty Source","(731) 574-9340","Amy McLemore","","Residential","Residential","Single Family Residence","","","","2027-08-02","SF","2026-08-02","","2026-08-08","","P","2026-08-09","","","260000.00","260000.00","","Builder","","14005","","Westhaven","","","Cove","Milan","TN","Gibson","38358","1","","35.874044","-88.754066","1291.00","2024","90 X 130.02","3","2.00","2","0","1960.53","South Pointe","Milan School District","159C L 017.00","","From the intersection of Denton Fly Rd and 45E in Milan, take Denton Fly Rd. Left into Southpointe subdivision on Oxford Dr. Right on Westhaven Cv. 2nd house on right.","Scott P. Webber","2026-08-09 05:18:51.113313","","Owner","Excl Right to Sell","","","","","2.00","","4.00","201.39","","","","","","N","N","N","N","","0.2700","2026-09-04","Barry Allen Construction","","N","N","N","Y","Y","","Better than new! This beautifully maintained 2-year-old, one-level brick home offers modern style, thoughtful upgrades, and a prime location just minutes from the US-45 Bypass and other major roadways for an easy commute. Situated in a neighborhood with streetlights, this home features a fully sodded yard, no rear neighbors, a welcoming covered front porch, and a covered rear patio overlooking the fenced backyard.  Inside, the open-concept floor plan showcases a spacious great room with pine accent walls, fresh paint, and a floating shelf, flowing into the dining area accented with chair rail and wainscoting. The kitchen features painted upper cabinets, a ceramic subway tile backsplash, and a custom 6-foot island with swivel barstools that remain.  The primary suite offers two walk-in closets and an upgraded ensuite bath with a custom ceramic tile walk-in shower with a sliding glass door, ceramic tile flooring, updated mirrors, and a driftwood accent wall. Additional improvements include storm doors, added linen closets, double-rodded bedroom closets, mini blinds throughout, an insulated garage door with keypad entry, built-in wooden storage racks, and a 400-pound overhead garage storage hoist.  Outside, enjoy a 5-foot vinyl privacy fence with a double gate and solar lighting, a storage building, and beautifully landscaped planters that remain. The HVAC has been professionally serviced twice a year through McCoy's maintenance program, making this truly a move-in-ready home with upgrades already in place.","","","","Y","N","N","N","N","N","N","Y","","Y","","","","","810.60","685.11","464.82","","","","1","","","","Single Family Residential","","","N","N","Y","Y","N","N","","","http://cdn.photos.sparkplatform.com/ctn/20260802140546947329000000.jpg","","6","Great Room:|||||;Kitchen:|||||;Primary Bedroom:|||||;Primary Bathroom:|||||;Bedroom:|||||;Bedroom:|||||;Bathroom:|||||;Laundry:|||||;","Appliances|Built-In Electric Oven|Yes;Appliances|Microwave Vent Hood|Yes;Appliances|Stainless Steel Appliance(s)|Yes;Appliances|Self Cleaning Oven|Yes;Appliances|Electric Water Heater|Yes;Appliances|Electric Range|Yes;Appliances|Dishwasher|Yes;Appliances|Disposal|Yes;Attic Features|Partially Floored|Yes;Attic Features|Pull-Down Stairs|Yes;Ceiling Heights|8 Foot|Yes;Construction Materials|Brick|Yes;Cooling|Central Air|Yes;Cooling|Electric|Yes;Cooling|Ceiling Fan(s)|Yes;Documents|Restrictive Covenants|Yes;Documents|Property Disclosure|Yes;Documents|Confirmation of Agency|Yes;Electric|200+ Amp Service|Yes;Exterior Features|Rain Gutters|Yes;Fencing|Back Yard|Yes;Fencing|Vinyl|Yes;Flooring|Carpet|Yes;Flooring|Luxury Vinyl|Yes;Foundation Details|Slab|Yes;Heating|Central|Yes;Heating|Forced Air|Yes;Heating|Electric|Yes;Interior Features|Ceiling Fan(s)|Yes;Interior Features|Tub Shower Combo|Yes;Interior Features|Fiber Glass Shower|Yes;Interior Features|Ceramic Tile Shower|Yes;Interior Features|Walk-In Closet(s)|Yes;Interior Features|Vaulted Ceiling(s)|Yes;Interior Features|Primary Downstairs|Yes;Interior Features|Open Floorplan|Yes;Interior Features|Laminate Counters|Yes;Interior Features|Kitchen Island|Yes;Interior Features|Granite Counters|Yes;Interior Features|Eat-in Kitchen|Yes;Laundry Features|Electric Dryer Hookup|Yes;Laundry Features|Washer Hookup|Yes;Laundry Features|Main Level|Yes;Laundry Features|Laundry Room|Yes;Listing Terms|Cash|Yes;Listing Terms|VA Loan|Yes;Listing Terms|USDA Loan|Yes;Listing Terms|FHA|Yes;Listing Terms|Conventional|Yes;Lock Box Information|Lock Box Location|Front Door;Lock Box Information|Lock Box Serial Number|02308205;Lot Features|Level|Yes;Main Room Levels|Main Level Bathrooms|2;Main Room Levels|Main Level Bedrooms|3;Parking Features|Garage Faces Front|Yes;Parking Features|Open|Yes;Parking Features|Garage Door Opener|Yes;Parking Information|Open Parking Spaces|2;Parking Information|Open Parking YN|Yes;Patio And Porch Features|Covered|Yes;Patio And Porch Features|Rear Porch|Yes;Patio And Porch Features|Front Porch|Yes;Possession|Close Of Escrow|Yes;Road Frontage Type|City Street|Yes;Road Responsibility|Public Maintained Road|Yes;Road Surface Type|Concrete|Yes;Roof|Shingle|Yes;Roof|Architectural|Yes;Room Types|Bathroom|Yes;Room Types|Primary Bedroom Level|Main;Room Types|Primary Bedroom|Yes;Room Types|Primary Bathroom Level|Main;Room Types|Primary Bathroom|Yes;Room Types|Laundry Level|Main;Room Types|Laundry|Yes;Room Types|Kitchen Level|Main;Room Types|Kitchen|Yes;Room Types|Great Room Level|Main;Room Types|Great Room|Yes;Room Types|Bedroom Level|Main;Room Types|Bedroom|Yes;Room Types|Bathroom Level|Main;Security Features|Carbon Monoxide Detector(s)|Yes;Security Features|Smoke Detector(s)|Yes;Sewer|Public Sewer|Yes;Showing Information|Showing Attended YN|No;Utilities|Cable Available|Yes;Utilities|Fiber Optic Available|Yes;Utilities|Water Connected|Yes;Utilities|Underground Utilities|Yes;Utilities|Sewer Connected|Yes;Utilities|Phone Available|Yes;Utilities|Electricity Connected|Yes;View|Other|Yes;Water Source|Public|Yes;Window Features|Double Pane Windows|Yes;Window Features|Vinyl Frames|Yes;Window Features|Low-Emissivity Windows|Yes;Lock Box Type|SentriLock|Yes;Levels|One|Yes;Special Listing Conditions|Standard|Yes;Showing Requirements|Appointment Only|Yes;Showing Requirements|Call Appointment Center|Yes;Showing Requirements|ShowingTime|Yes;"
"2601160","Total Realty Source","(731) 574-9340","Brandie Bassett","","Residential","Residential","Single Family Residence","","","","2026-09-19","SF","2026-03-19","","2026-08-08","","P","2026-08-12","","","369900.00","340000.00","","Appraiser","","3875","","Terry","","","Road","Huntingdon","TN","Carroll","38344","1","","35.932076","-88.577877","3715.00","1956","4.0","5","4.00","3","1","1075.48","None","West Carroll School District","105    024.01","","","","2026-08-12 10:31:55.1589","","Vacant","Excl Right to Sell","","","","","","","4.00","91.52","","","","","","N","Y","N","N","","4.0000","2026-08-31","","","N","N","N","Y","Y","","One-level living with country charm on 4 acres in Huntingdon, TN. This unique property offers 4 bedrooms, 3 full baths, and 3,715 square feet per appraisal. Inside, you'll find oversized rooms, a spacious kitchen with plenty of prep space, all appliances remaining, a large primary suite, sunroom, wet bar area, and multiple flexible spaces for storage, hobbies, office, or extra living area. Outside, enjoy the privacy of country living with fruit-bearing trees, garden areas, and plenty of open space to make your own. Call Listing Agent today for your private showing!","","","","","N","N","N","N","N","N","N","","N","","2.00","","","497.76","0.00","577.72","","","","2","","","","","","","N","N","N","N","N","N","","","http://cdn.photos.sparkplatform.com/ctn/20260320155427360304000000.jpg","2026-07-18 17:46:38.244938","142","Kitchen:|||||;Primary Bedroom:|||||;Bedroom:|||||;Bedroom:|||||;Bedroom:|||||;Dining Room:|||||;Family Room:|||||;Laundry:|||||;Bedroom:|||||;","Appliances|Dryer|Yes;Appliances|Washer|Yes;Appliances|Stainless Steel Appliance(s)|Yes;Appliances|Refrigerator|Yes;Appliances|Other|Yes;Appliances|Microwave|Yes;Appliances|Electric Cooktop|Yes;Appliances|Dishwasher|Yes;Appliances|Double Oven|Yes;Appliances|Disposal|Yes;Attic Features|Pull-Down Stairs|Yes;Ceiling Heights|9 Foot|Yes;Construction Materials|Brick|Yes;Construction Materials|Cedar|Yes;Cooling|Central Air|Yes;Cooling|Ceiling Fan(s)|Yes;Documents|Lead Based Paint Disclosure|Yes;Documents|Property Disclosure|Yes;Documents|Confirmation of Agency|Yes;Exterior Features|Other|Yes;Exterior Features|Private Entrance|Yes;Fencing|Back Yard|Yes;Fencing|Wire|Yes;Fencing|Partial|Yes;Fencing|Other|Yes;Flooring|Concrete|Yes;Flooring|Vinyl|Yes;Flooring|Hardwood|Yes;Flooring|Ceramic Tile|Yes;Heating|Central|Yes;Heating|Natural Gas|Yes;Interior Features|Breakfast Bar|Yes;Interior Features|Tub Shower Combo|Yes;Interior Features|Ceramic Tile Shower|Yes;Interior Features|Walk-In Closet(s)|Yes;Interior Features|Wet Bar|Yes;Interior Features|Pantry|Yes;Interior Features|Open Floorplan|Yes;Interior Features|Kitchen Island|Yes;Interior Features|Eat-in Kitchen|Yes;Interior Features|Entrance Foyer|Yes;Interior Features|Double Vanity|Yes;Interior Features|Ceiling Fan(s)|Yes;Interior Features|Bookcases|Yes;Laundry Features|Electric Dryer Hookup|Yes;Laundry Features|Washer Hookup|Yes;Laundry Features|Laundry Room|Yes;Listing Terms|Cash|Yes;Listing Terms|VA Loan|Yes;Listing Terms|USDA Loan|Yes;Listing Terms|FHA Eligibility|Unknown;Listing Terms|FHA|Yes;Listing Terms|Conventional|Yes;Lock Box Information|Lock Box Location|Front door code: 1984;Lot Features|Garden|Yes;Lot Features|Wooded|Yes;Lot Features|Secluded|Yes;Lot Features|Level|Yes;Main Room Levels|Main Level Bathrooms|3;Main Room Levels|Main Level Bedrooms|5;Other Structures|Storage|Yes;Other Structures|Workshop|Yes;Parking Features|Circular Driveway|Yes;Parking Features|Open|Yes;Parking Information|Open Parking Spaces|4;Parking Information|Open Parking YN|Yes;Patio And Porch Features|Screened|Yes;Patio And Porch Features|Side Porch|Yes;Possession|Close Of Escrow|Yes;Road Frontage Type|County Road|Yes;Road Responsibility|Private Maintained Road|Yes;Roof|Architectural|Yes;Room Types|Bedroom|Yes;Room Types|Primary Bedroom Level|Main;Room Types|Primary Bedroom|Yes;Room Types|Laundry Level|Main;Room Types|Laundry|Yes;Room Types|Kitchen Level|Main;Room Types|Kitchen|Yes;Room Types|Family Room Level|Main;Room Types|Family Room|Yes;Room Types|Dining Room Level|Main;Room Types|Dining Room|Yes;Room Types|Bedroom Level|Main;Security Features|Smoke Detector(s)|Yes;Sewer|Private Sewer|Yes;Showing Information|Access Code|1984;Showing Information|Showing Contact Phone|7316952785;Showing Information|Showing Contact Name|Brandie Bassett;Showing Information|Showing Attended YN|No;Utilities|Cable Available|Yes;Utilities|Water Connected|Yes;Utilities|Sewer Connected|Yes;Utilities|Electricity Connected|Yes;Water Source|Private|Yes;Water Source|Well|Yes;Lock Box Type|Other|Yes;Levels|One|Yes;Special Listing Conditions|Standard|Yes;Showing Requirements|Appointment Only|Yes;Showing Requirements|Text Listing Agent|Yes;Showing Requirements|ShowingTime|Yes;"
"2603317","NON MEMBER","(000) 000-0000","Non Member","","Residential","Residential","Single Family Residence","Total Realty Source","Lisa Ann Ballinger","","2026-07-15","SF","2026-07-08","2026-05-15","2026-03-31","","C","2026-07-15","","","185000.00","185000.00","185000.00","Assessor","Cash","2725","","US Highway 79","","","","Atwood","TN","Carroll","38220","1","","35.983505","-88.65924","1313.00","1967","1.3","3","2.00","2","0","672.89","None","West Carroll School District","079    019.00","","","","2026-07-16 09:35:50.841555","","","Excl Right to Sell","","","","","","","4.00","140.90","140.90","","","","","","","N","","Y","1.3000","","","","","","N","Y","Y","","","","","","","N","Y","N","N","N","","N","","N","","","","","311.43","0.00","361.46","","","","1","","","","","","","N","","N","N","","","","","http://cdn.photos.sparkplatform.com/ctn/20260715165330571085000000.jpg","","-99","Kitchen:|||||;Primary Bedroom:|||||;Bedroom:|||||;Bedroom:|||||;Living Room:|||||;","Attic Features|Pull-Down Stairs|Yes;Basement|Full|Yes;Basement|Walk-Out Access|Yes;Construction Materials|Brick|Yes;Cooling|Central Air|Yes;Cooling|Ceiling Fan(s)|Yes;Flooring|Luxury Vinyl|Yes;Heating|Central|Yes;Interior Features|Ceiling Fan(s)|Yes;Interior Features|Eat-in Kitchen|Yes;Laundry Features|In Basement|Yes;Lot Features|Corner Lot|Yes;Main Room Levels|Main Level Bathrooms|2;Main Room Levels|Main Level Bedrooms|3;Parking Features|Open|Yes;Parking Information|Open Parking Spaces|4;Parking Information|Open Parking YN|Yes;Possession|Close Of Escrow|Yes;Road Frontage Type|Highway|Yes;Road Responsibility|Public Maintained Road|Yes;Roof|Metal|Yes;Room Types|Bedroom|Yes;Room Types|Primary Bedroom Level|Main;Room Types|Primary Bedroom|Yes;Room Types|Living Room Level|Main;Room Types|Living Room|Yes;Room Types|Kitchen Level|Main;Room Types|Kitchen|Yes;Room Types|Bedroom Level|Main;Sewer|Public Sewer|Yes;Water Source|Public|Yes;Lock Box Type|None|Yes;Levels|One|Yes;Special Listing Conditions|Standard|Yes;Showing Requirements|Call Listing Agent|Yes;"
"2603318","NON MEMBER","(000) 000-0000","Non Member","","Residential","Residential","Manufactured Home","Total Realty Source","Lisa Ann Ballinger","","2026-07-15","MH","2026-07-08","2026-06-29","2026-06-05","","C","2026-07-15","","","135000.00","135000.00","135000.00","Assessor","Convention","4585","","Copper Spring","","","Road","Springville","TN","Henry","38256","","","36.230241","-88.126692","1064.00","2004","579x400x584x423","3","2.00","2","0","252.71","None","","133    020.01","","","","2026-07-16 09:36:46.551011","","","Excl Right to Sell","","","","","","","4.00","126.88","126.88","","","","","","","N","N","N","5.1000","","","","","","N","","","","","","","","","N","","","N","N","","N","","N","","","","","0.00","0.00","252.71","","","","","","","","","","","N","","N","N","","","","","http://cdn.photos.sparkplatform.com/ctn/20260715165205297830000000.jpg","","-33","Kitchen:|||||;Primary Bedroom:|||||;Bedroom:|||||;Bedroom:|||||;Living Room:|||||;","Main Room Levels|Main Level Bathrooms|2;Main Room Levels|Main Level Bedrooms|3;Possession|Close Of Escrow|Yes;Road Frontage Type|County Road|Yes;Road Responsibility|Public Maintained Road|Yes;Room Types|Bedroom|Yes;Room Types|Primary Bedroom Level|Main;Room Types|Primary Bedroom|Yes;Room Types|Living Room Level|Main;Room Types|Living Room|Yes;Room Types|Kitchen Level|Main;Room Types|Kitchen|Yes;Room Types|Bedroom Level|Main;Sewer|Septic Tank|Yes;Water Source|Well|Yes;Lock Box Type|None|Yes;Levels|One|Yes;Special Listing Conditions|Standard|Yes;Showing Requirements|Call Listing Agent|Yes;"
"2602455","Total Realty Source","(731) 574-9340","Amy McLemore","","Residential","Residential","Single Family Residence","Hickman Realty Group Inc.-Jack","Rachel Fullington","","2027-05-26","SF","2026-05-26","2026-07-21","2026-06-20","","C","2026-07-21","","","255000.00","252600.00","250000.00","Assessor","Convention","80","","Rooker","","","Drive","Jackson","TN","Madison","38305","1","","35.746098","-88.868774","1426.00","2002","70X130","3","2.00","2","0","1410.55","Rooker Bend","Jackson Madison Consolidated District","016P B 010.00","","From the intersection of the 45 Bypass and Old Humboldt Rd, go west on Old Humboldt Rd. Right on Rooker Dr. House on the right.","Brenton & Emily Glover","2026-07-21 14:23:40.197682","","Owner","Excl Right to Sell","","","","","2.00","","4.00","177.14","175.32","","","","","N","N","N","N","Y","0.2000","2026-07-21","Winberry Construction Co.","","N","N","N","Y","Y","7470","Welcome to 80 Rooker Dr in desirable Rooker Bend subdivision in NW  Jackson! Conveniently located just minutes from the 45 Bypass and N. Highland Ave, this well-maintained home offers quick access to shopping, dining, healthcare, and an easy daily commute. Inside, you'll find tall semi-vaulted ceilings in the great room, kitchen, and dining area, creating a spacious and airy feel. Crown molding runs throughout the entire home, while decorative wainscoting adds character to the great room and dining area. Neutral paint colors inside and out provide a clean, move-in-ready palette sure to complement any style.  The spacious great room features a gas-log fireplace and flows into the eat-in kitchen with breakfast bar, ceramic tile flooring, black refrigerator that remains, and a nice walk-in pantry with built-in shelving. LVP flooring extends throughout the great room, hallway, and bedrooms, while ceramic tile is featured in the kitchen, dining area, laundry room, and baths. The split-bedroom floor plan offers privacy, and the primary suite includes a walk-in closet and private bath.  Enjoy outdoor living from the inviting 31x5 covered front porch or the 12x12 rear patio overlooking the fenced backyard. Additional features include a 2-car attached garage, architectural shingle roof (approx. 2 years old), wood privacy fence (approx. 2 years old), HVAC system (approx. 4 years old), and gas water heater (approx. 4 years old). Established neighborhood, tasteful finishes, and valuable updates make this home move-in ready and a must-see!","","","","Y","N","N","Y","Y","N","N","Y","","Y","","","","","0.00","652.21","758.34","","","1","1","","9","","Single-Family Residential","","","N","N","Y","N","N","N","","","http://cdn.photos.sparkplatform.com/ctn/20260527185627536447000000.jpg","2026-06-10 08:22:15.07975","25","Great Room:|||||;Kitchen:|||||;Primary Bedroom:|||||;Bedroom:|||||;Bedroom:|||||;Foyer:|||||;Laundry:|||||;Bathroom:|||||;Primary Bathroom:|||||;","Accessibility Features|Accessible Entrance|Yes;Appliances|Built-In Electric Oven|Yes;Appliances|Microwave Vent Hood|Yes;Appliances|Self Cleaning Oven|Yes;Appliances|Refrigerator|Yes;Appliances|Gas Water Heater|Yes;Appliances|Electric Range|Yes;Appliances|Electric Cooktop|Yes;Appliances|Dishwasher|Yes;Appliances|Disposal|Yes;Attic Features|Partially Floored|Yes;Attic Features|Pull-Down Stairs|Yes;Ceiling Heights|8 Foot|Yes;Ceiling Heights|10 Foot|Yes;Construction Materials|Vinyl Siding|Yes;Cooling|Central Air|Yes;Cooling|Electric|Yes;Cooling|Ceiling Fan(s)|Yes;Documents|Restrictive Covenants|Yes;Documents|Property Disclosure|Yes;Documents|Confirmation of Agency|Yes;Electric|220 Volts in Garage|Yes;Exterior Features|Rain Gutters|Yes;Exterior Features|Smart Camera(s)/Recording|Yes;Fencing|Back Yard|Yes;Fencing|Wood|Yes;Fencing|Privacy|Yes;Fireplace Features|Gas Log|Yes;Fireplace Features|Ventless|Yes;Fireplace Features|Gas Starter|Yes;Fireplace Features|Great Room|Yes;Flooring|Ceramic Tile|Yes;Flooring|Luxury Vinyl|Yes;Foundation Details|Permanent|Yes;Foundation Details|Slab|Yes;Heating|Central|Yes;Heating|Natural Gas|Yes;Heating|Forced Air|Yes;Heating|Fireplace(s)|Yes;Interior Features|Breakfast Bar|Yes;Interior Features|Blown/Textured Ceilings|Yes;Interior Features|Fiber Glass Shower|Yes;Interior Features|Tub Shower Combo|Yes;Interior Features|Knocked Down Ceilings|Yes;Interior Features|Walk-In Closet(s)|Yes;Interior Features|Vaulted Ceiling(s)|Yes;Interior Features|Smart Camera(s)/Recording|Yes;Interior Features|Primary Downstairs|Yes;Interior Features|Pantry|Yes;Interior Features|Laminate Counters|Yes;Interior Features|High Ceilings|Yes;Interior Features|Eat-in Kitchen|Yes;Interior Features|Entrance Foyer|Yes;Interior Features|Crown Molding|Yes;Interior Features|Ceiling Fan(s)|Yes;Laundry Features|Electric Dryer Hookup|Yes;Laundry Features|Washer Hookup|Yes;Laundry Features|Main Level|Yes;Laundry Features|Laundry Room|Yes;Listing Terms|Cash|Yes;Listing Terms|VA Loan|Yes;Listing Terms|FHA|Yes;Listing Terms|Conventional|Yes;Lock Box Information|Lock Box Location|Front door;Lock Box Information|Lock Box Serial Number|02309306;Lot Features|Level|Yes;Main Room Levels|Main Level Bathrooms|2;Main Room Levels|Main Level Bedrooms|3;Parking Features|Garage Faces Front|Yes;Parking Features|Open|Yes;Parking Features|Garage Door Opener|Yes;Parking Information|Open Parking Spaces|2;Parking Information|Open Parking YN|Yes;Patio And Porch Features|Covered|Yes;Patio And Porch Features|Patio|Yes;Patio And Porch Features|Front Porch|Yes;Possession|Close Of Escrow|Yes;Road Frontage Type|City Street|Yes;Road Responsibility|Public Maintained Road|Yes;Road Surface Type|Chip And Seal|Yes;Roof|Shingle|Yes;Roof|Architectural|Yes;Room Types|Bathroom|Yes;Room Types|Foyer|Yes;Room Types|Foyer Level|Main;Room Types|Primary Bedroom Level|Main;Room Types|Primary Bedroom|Yes;Room Types|Primary Bathroom Level|Main;Room Types|Primary Bathroom|Yes;Room Types|Laundry Level|Main;Room Types|Laundry|Yes;Room Types|Kitchen Level|Main;Room Types|Kitchen|Yes;Room Types|Great Room Level|Main;Room Types|Great Room|Yes;Room Types|Bedroom Level|Main;Room Types|Bedroom|Yes;Room Types|Bathroom Level|Main;Security Features|Smoke Detector(s)|Yes;Sewer|Public Sewer|Yes;Showing Information|Showing Attended YN|No;Utilities|Electricity Connected|Yes;Utilities|Water Connected|Yes;Utilities|Sewer Connected|Yes;Utilities|Phone Available|Yes;Utilities|Natural Gas Connected|Yes;Water Source|Public|Yes;Window Features|Double Pane Windows|Yes;Window Features|Vinyl Frames|Yes;Lock Box Type|SentriLock|Yes;Levels|One|Yes;Special Listing Conditions|Standard|Yes;Showing Requirements|Appointment Only|Yes;Showing Requirements|Call Appointment Center|Yes;Showing Requirements|ShowingTime|Yes;"
"2602411","All-Star Real Estate","(731) 285-1224","Mallory Slaughter Yates","","Residential","Residential","Single Family Residence","Total Realty Source","Amy McLemore","","","SF","2026-05-22","2026-07-21","2026-06-22","","C","2026-07-22","","","398500.00","398500.00","384900.00","Assessor","Convention","270","","Locust Grove","","","Road","Newbern","TN","Dyer","38059","1","","36.171771","-89.275369","2212.00","1998","350X250","3","3.00","3","0","1458.60","None","Dyer County Schools","021    008.02","","","Jeff Keedy & Carla Sexton","2026-07-22 09:50:53.384152","","Vacant","Excl Right to Sell","","","","","2.00","","6.00","180.15","174.01","","","","","N","","N","N","Y","2.0000","2026-07-21","","","N","N","N","Y","Y","10000","Nestled on 2 beautiful acres in the county, this well-maintained 3 bedroom, 3 full bathroom home with an office offers the perfect blend of space, comfort, and functionality. Inside, you'll find a spacious layout designed for everyday living and entertaining, with plenty of room for the whole family. The dedicated office provides the ideal space for working from home, hobbies, or a playroom.  Outside, the property truly shines with an 21X25 attached 2-car garage, 19X23 detached garage, and an additional 15.6X10.6 workshop/storage shed ? offering endless possibilities for storage, projects, or extra workspace. Enjoy the peaceful country setting while still having all the conveniences you need. If you've been searching for a move-in ready home with acreage and exceptional upkeep, this one is a must-see! Contact Mallory today for a showing!","Please go into the attic through the interior entrance that is in the hall between bedrooms 2 & 3.","","","Y","N","N","Y","N","N","N","N","","Y","","","","","0.00","0.00","1458.60","","","1","1","","2","","","","","N","N","","N","N","N","","","http://cdn.photos.sparkplatform.com/ctn/20260522174757978684000000.jpg","","31","Kitchen:|||||;Living Room:|||||;Primary Bedroom:|||||;Bedroom:|||||;Bedroom:|||||;Office:|||||;Breakfast Nook:|||||;Utility Room:|||||;","Appliances|Convection Oven|Yes;Appliances|Gas Cooktop|Yes;Appliances|Electric Water Heater|Yes;Appliances|Dishwasher|Yes;Attic Features|Pull-Down Stairs|Yes;Ceiling Heights|9 Foot|Yes;Ceiling Heights|10 Foot|Yes;Construction Materials|Brick|Yes;Cooling|Central Air|Yes;Cooling|Electric|Yes;Cooling|Ceiling Fan(s)|Yes;Documents|Confirmation of Agency|Yes;Documents|Septic|Yes;Documents|Property Exemption|Yes;Exterior Features|Rain Gutters|Yes;Fireplace Features|Gas Log|Yes;Flooring|Carpet|Yes;Flooring|Linoleum|Yes;Flooring|Hardwood|Yes;Heating|Central|Yes;Heating|Fireplace(s)|Yes;Interior Features|Ceiling Fan(s)|Yes;Interior Features|Jetted Tub|Yes;Interior Features|Walk-In Closet(s)|Yes;Interior Features|Vaulted Ceiling(s)|Yes;Interior Features|Soaking Tub|Yes;Interior Features|Primary Downstairs|Yes;Interior Features|Kitchen Island|Yes;Interior Features|High Ceilings|Yes;Interior Features|Crown Molding|Yes;Laundry Features|Electric Dryer Hookup|Yes;Laundry Features|Washer Hookup|Yes;Laundry Features|Sink|Yes;Laundry Features|Main Level|Yes;Listing Terms|1031 Exchange|Yes;Listing Terms|VA Loan|Yes;Listing Terms|USDA Loan|Yes;Listing Terms|FHA|Yes;Listing Terms|Conventional|Yes;Listing Terms|Cash|Yes;Lock Box Information|Lock Box Location|Handrail by front door;Main Room Levels|Main Level Bathrooms|3;Main Room Levels|Main Level Bedrooms|3;Other Structures|Garage(s)|Yes;Other Structures|Workshop|Yes;Other Structures|Storage|Yes;Other Structures|Second Garage|Yes;Parking Features|Garage Door Opener|Yes;Patio And Porch Features|Covered|Yes;Patio And Porch Features|Rear Porch|Yes;Patio And Porch Features|Patio|Yes;Patio And Porch Features|Front Porch|Yes;Possession|Close Of Escrow|Yes;Road Frontage Type|County Road|Yes;Road Responsibility|Public Maintained Road|Yes;Roof|Shingle|Yes;Roof|Architectural|Yes;Room Types|Bedroom|Yes;Room Types|Utility Room Level|Main;Room Types|Utility Room|Yes;Room Types|Primary Bedroom Level|Main;Room Types|Primary Bedroom|Yes;Room Types|Office Level|Main;Room Types|Office|Yes;Room Types|Living Room Level|Main;Room Types|Living Room|Yes;Room Types|Kitchen Level|Main;Room Types|Kitchen|Yes;Room Types|Bedroom Level|Main;Security Features|Fire Alarm|Yes;Sewer|Septic Tank|Yes;Showing Information|Showing Attended YN|No;Utilities|Electricity Connected|Yes;Utilities|Water Connected|Yes;Utilities|Natural Gas Connected|Yes;Water Source|Public|Yes;Window Features|Bay Window(s)|Yes;Lock Box Type|Call Listing Office|Yes;Lock Box Type|SentriLock|Yes;Levels|One|Yes;Special Listing Conditions|Standard|Yes;Showing Requirements|Appointment Only|Yes;Showing Requirements|Text Listing Agent|Yes;Showing Requirements|ShowingTime|Yes;Showing Requirements|Call Listing Agent|Yes;"
"2601806","Total Realty Source","(731) 574-9340","Amy McLemore","","Residential","Residential","Single Family Residence","NON MEMBER","Non Member","","2027-04-21","SF","2026-04-20","2026-07-29","2026-04-30","","C","2026-07-29","","","389900.00","389900.00","394900.00","Assessor","FHA","2","","Sherwood","","","Place","Humboldt","TN","Gibson","38343","1","","35.818281","-88.908564","2860.00","1959","1.1 acres","4","3.00","2","1","2133.05","None","Humboldt School District","170J D 078.00","","From the intersection of 45W and E Main St in Humboldt, turn onto E Main St. Left on Chere Carol Rd. Right on Forrest St. Left on McKnight St. Right on Sherwood Pl. Home is straight ahead.","Michele D. Bufford & Teresa D. Bufford","2026-07-29 22:14:42.373228","","Owner","Excl Right to Sell","","","","","2.00","","8.00","136.33","138.08","","","Buyer purchased own home warranty.","","N","N","Y","N","Y","1.1000","2026-05-28","","","N","N","N","Y","Y","15000","Welcome to 2 Sherwood Place! Updated 4BR/2.5BA brick home (with board-and-batten accents) offering 2,860 heated sq ft on approx. 1.1 acres?tucked away in a private, tree-lined setting in the heart of the city. Also included: detached ADU 'Cottage' + wired workshop?ideal for guests, office, hobbies, or added flexibility. Located in a quiet cul-de-sac?without the burden of special school district taxes?this one-level home features a 2-car garage, extra parking pad, and numerous updates.  Enjoy a 43' x 9' covered front porch and spacious foyer. Inside are two living areas with built-ins?a living room open to dining and an adjacent great room?offering excellent flow. Living room features stained/scored concrete floors, built-ins, and a 1950s-style bar; great room includes display storage. Dining area is anchored by 12' windows providing abundant natural light and backyard views.  Remodeled kitchen with rich wood cabinetry, Dekton countertops, new appliances (incl. self-cleaning oven), pantry and cabinets with pull-outs, and 7' breakfast bar with under-counter storage. Half bath nearby. Laundry room offers abundant cabinetry, space for freezer/2nd fridge, walk-in pantry, and exterior access. Built-in screen doors at rear and laundry. Fresh paint, crown molding, and smooth ceilings throughout. No carpet! LVP throughout main areas, baths, and bedrooms; hand-scraped hardwood in foyer/hall/3rd bedroom; concrete in living room. 3rd bedroom (off foyer) features double doors + hardwood and was originally a formal living room?ideal flex space. 4th bedroom includes knotty pine paneling. All bedrooms offer double-door closets plus additional storage throughout. Hall bath: double vanity, tile countertops, tile wainscoting/tub surround, updated mirrors, and built-in cubby. Primary bath: large vanity, new walk-in shower + toilet, linen + storage closets.  ADU Cottage (~449 sq ft; commonly referred to as a mother-in-law suite): cedar plank and brick walls, exposed beams, arched brick gas log fireplace, stained concrete floors, 11 windows, mini-split HVAC, full bath (walk-in shower), kitchenette, double closet, and private patio.  28x32 Workshop: wired metal building with a roll-up door, walk-in door, concrete floor, cabinetry, pegboard, LED lighting, 3 sets of windows, and an adjacent gravel parking pad.  Outdoor living includes mature trees on 3 sides, fire pit, terraced landscaping with brick and stone accents, 26x12 brick patio + large aggregate patio. Garage has tall ceilings, 2 storage closets, and rear access.  Updates: HVAC, ductwork, 400-amp electrical, RV hookup, kitchen/baths, flooring, cottage. Gas water heater (main), electric (cottage). Metal roof with gutters/guards.  Extras: termite contract, LeafFilter gutters (lifetime warranty), prepaid lawn service (2026), pest/mosquito service.  Refrigerators (main + cottage), washer, dryer, front porch & rear patio furniture, and 'Stella' camper remain?offering guest or potential income-producing flexibility.","","","","Y","N","N","Y","N","N","Y","Y","","Y","","","","","0.00","1476.09","656.96","","","1","1","","","","Single Family Residential","","","N","N","N","N","N","N","","","http://cdn.photos.sparkplatform.com/ctn/20260423235512528928000000.jpg","","10","Foyer:|||||;Great Room:|||||;Living Room:|||||;Primary Bedroom:|||||;Primary Bathroom:|||||;Bedroom:|||||;Bedroom:|||||;Bedroom:|||||;Bathroom:|||||;Kitchen:|||||;Dining Room:|||||;Laundry:|||||;","Accessory Dwelling Unit Features|ADU Kitchen|Yes;Accessory Dwelling Unit Features|ADU Detached|Yes;Accessory Dwelling Unit Information|ADU Bathrooms|1;Accessory Dwelling Unit Information|ADU Heating YN|Yes;Accessory Dwelling Unit Information|ADU Cooling YN|Yes;Accessory Dwelling Unit Information|ADU SqFt|449;Appliances|Dryer|Yes;Appliances|Washer|Yes;Appliances|Self Cleaning Oven|Yes;Appliances|Range Hood|Yes;Appliances|Refrigerator|Yes;Appliances|Gas Water Heater|Yes;Appliances|Gas Range|Yes;Appliances|Electric Water Heater|Yes;Appliances|Exhaust Fan|Yes;Appliances|Dishwasher|Yes;Appliances|Disposal|Yes;Ceiling Heights|8 Foot|Yes;Ceiling Heights|10 Foot|Yes;Construction Materials|Board & Batten Siding|Yes;Construction Materials|Brick|Yes;Cooling|Central Air|Yes;Cooling|Wall Unit(s)|Yes;Cooling|Other|Yes;Cooling|Electric|Yes;Cooling|Ductless|Yes;Cooling|Ceiling Fan(s)|Yes;Documents|Lead Based Paint Disclosure|Yes;Documents|Property Disclosure|Yes;Documents|Confirmation of Agency|Yes;Electric|200+ Amp Service|Yes;Fencing|Back Yard|Yes;Fencing|Wood|Yes;Fireplace Features|Great Room|Yes;Fireplace Features|Raised Hearth|Yes;Fireplace Features|Masonry|Yes;Flooring|Ceramic Tile|Yes;Flooring|Luxury Vinyl|Yes;Flooring|Engineered Hardwood|Yes;Foundation Details|Permanent|Yes;Foundation Details|Raised|Yes;Heating|Central|Yes;Heating|Natural Gas|Yes;Heating|Forced Air|Yes;Interior Features|Ceiling Fan(s)|Yes;Interior Features|Untextured Ceilings/Smooth|Yes;Interior Features|Ceramic Tile Shower|Yes;Interior Features|Tub Shower Combo|Yes;Interior Features|Primary Downstairs|Yes;Interior Features|Pantry|Yes;Interior Features|Open Floorplan|Yes;Interior Features|Eat-in Kitchen|Yes;Interior Features|Entrance Foyer|Yes;Laundry Features|Electric Dryer Hookup|Yes;Laundry Features|Washer Hookup|Yes;Laundry Features|Main Level|Yes;Laundry Features|Laundry Room|Yes;Listing Terms|Cash|Yes;Listing Terms|VA Loan|Yes;Listing Terms|FHA|Yes;Listing Terms|Conventional|Yes;Lock Box Information|Lock Box Location|Front Door;Lot Features|Cul-De-Sac|Yes;Lot Features|Level|Yes;Main Room Levels|Main Level Bathrooms|2;Main Room Levels|Main Level Bedrooms|4;Other Structures|Guest House|Yes;Other Structures|Workshop|Yes;Parking Features|Garage Faces Front|Yes;Parking Features|Shared Driveway|Yes;Parking Features|RV Access/Parking|Yes;Parking Features|Parking Pad|Yes;Parking Features|Open|Yes;Parking Features|Gravel|Yes;Parking Features|Guest|Yes;Parking Features|Garage Door Opener|Yes;Parking Information|Open Parking Spaces|6;Parking Information|Open Parking YN|Yes;Patio And Porch Features|Covered|Yes;Patio And Porch Features|Rear Porch|Yes;Patio And Porch Features|Front Porch|Yes;Possession|Close Of Escrow|Yes;Road Frontage Type|City Street|Yes;Road Responsibility|Public Maintained Road|Yes;Road Surface Type|Chip And Seal|Yes;Roof|Metal|Yes;Room Types|Bathroom|Yes;Room Types|Foyer|Yes;Room Types|Foyer Level|Main;Room Types|Primary Bedroom Level|Main;Room Types|Primary Bedroom|Yes;Room Types|Primary Bathroom Level|Main;Room Types|Primary Bathroom|Yes;Room Types|Living Room Level|Main;Room Types|Living Room|Yes;Room Types|Laundry Level|Main;Room Types|Laundry|Yes;Room Types|Kitchen Level|Main;Room Types|Kitchen|Yes;Room Types|Great Room Level|Main;Room Types|Great Room|Yes;Room Types|Dining Room Level|Main;Room Types|Dining Room|Yes;Room Types|Den Level|Main;Room Types|Den|Yes;Room Types|Bedroom Level|Main;Room Types|Bedroom|Yes;Room Types|Bathroom Level|Main;Security Features|Smoke Detector(s)|Yes;Sewer|Public Sewer|Yes;Showing Information|Showing Attended YN|No;Utilities|Electricity Connected|Yes;Utilities|Water Connected|Yes;Utilities|Underground Utilities|Yes;Water Source|Public|Yes;Lock Box Type|SentriLock|Yes;Levels|One|Yes;Special Listing Conditions|Standard|Yes;Showing Requirements|ShowingTime|Yes;Showing Requirements|Call Appointment Center|Yes;"
"2602976","Steadfast Home Advisors","(731) 207-8060","Erik Pieniazek","","Residential","Residential","Single Family Residence","Total Realty Source","Amy McLemore","","","SF","2026-06-25","2026-07-30","2026-06-29","","C","2026-07-31","","","165000.00","165000.00","173200.00","Assessor","USDA","130","","Glover","","","Street","Atwood","TN","Carroll","38220","1","","35.963187","-88.672655","1369.00","1975","100X175","3","2.00","1","1","653.23","None","West Carroll School District","100C A 015.00","","","","2026-07-31 08:58:28.9246","","Vacant","Excl Right to Sell","","","1369.00","","","","2.00","120.53","126.52","","","","","","Y","N","","Y","0.4000","2026-07-30","","","","","N","","","7000","Beautifully renovated home with fresh, modern finishes throughout and peaceful country views. The bright white kitchen features shaker-style cabinetry, granite countertops, subway tile backsplash, stainless steel appliances, black hardware, and a sleek black faucet for a clean contemporary look. Open, neutral living spaces offer light wood-look flooring, recessed lighting, updated trim, and a modern ceiling fan.  The bedrooms continue the fresh design with neutral paint, updated flooring, white trim, and great natural light. Outside, enjoy a covered patio area, spacious yard, mature trees, and wide-open views of the surrounding countryside. The exterior has a crisp updated look with white brick, black gutters, newer-style windows, a covered entry, and plenty of green space to enjoy. Move-in ready with stylish updates inside and out, this property offers the perfect blend of modern comfort and quiet outdoor setting.","Not FHA eligible until July 12th. Some small repairs and cleaning may still need to be done.","","","","N","","","N","","","N","","N","","1.00","","","302.33","0.00","350.90","","","","","","","","","","","N","","","N","","","","","http://cdn.photos.sparkplatform.com/ctn/20260625214335261845000000.jpg","","4","Kitchen:|||||;Living Room:|||||;Primary Bedroom:|||||;Bedroom:|||||;Bedroom:|||||;Bonus Room:|||||;","Documents|Lead Based Paint Disclosure|Yes;Documents|Personal Interest Disclosure|Yes;Documents|Property Exemption|Yes;Documents|Confirmation of Agency|Yes;Listing Terms|Cash|Yes;Listing Terms|Other|Yes;Listing Terms|VA Loan|Yes;Listing Terms|USDA Loan|Yes;Listing Terms|FHA Eligibility|Rejected;Listing Terms|Conventional|Yes;Lock Box Information|Lock Box Location|Mail box;Lock Box Information|Lock Box Serial Number|2312734;Main Room Levels|Main Level Bathrooms|1;Main Room Levels|Main Level Bedrooms|3;Possession|Close Of Escrow|Yes;Room Types|Bonus Room|Yes;Room Types|Primary Bedroom Level|Main;Room Types|Primary Bedroom|Yes;Room Types|Living Room Level|Main;Room Types|Living Room|Yes;Room Types|Kitchen Level|Main;Room Types|Kitchen|Yes;Room Types|Bedroom Level|Main;Room Types|Bedroom|Yes;Room Types|Bonus Room Level|Main;Showing Information|Showing Attended YN|No;Showing Information|Showing Contact Phone|731-421-8100;Showing Information|Showing Contact Name|Showing Time;Water Source|Public|Yes;Lock Box Type|SentriLock|Yes;Levels|One|Yes;Special Listing Conditions|Agent Owned|Yes;Showing Requirements|ShowingTime|Yes;"
"2602880","Total Realty Source","(731) 574-9340","Lisa Ann Ballinger","","Residential","Residential","Single Family Residence","BHGRE Conner Brownsville","Jaida Ward","","2026-12-20","SF","2026-06-19","2026-08-04","2026-06-28","","C","2026-08-05","","","84900.00","84900.00","75500.00","Assessor","Convention","2227","","Mullins","","","Avenue","Humboldt","TN","Gibson","38343","1","","35.833568","-88.905901","1117.00","1962","106 X 157 IRR","2","1.00","1","0","523.61","Mcdearmon-Mullins","Humboldt School District","165N A 018.00","","","","2026-08-05 07:32:16.148772","","Tenant","Excl Right to Sell","","","","","","","3.00","76.01","67.59","","","","","N","Y","N","","N","0.0000","2026-07-31","","","N","","N","","","","2 Bedroom, 1 Bathroom Brick Home Conveniently Located in Humboldt.  Metal Roof Installed in late 2019 or 2020.   Dining Room off of Kitchen could be used as a 3rd Bedroom if needed, has Separate Laundry Room and Eat-In Kitchen.  Large Windows in Living Room allow lots of Natural Light to Flow In.  There is a 10x10 Concrete Pad in back that could potentially be used for a shed area.","Home Currently Rented for $900 a month.  Tenant is month to month.  Would like to stay if investor buys but is prepared to vacate if owner occupant buys.  Please give 48-hour notice for showings if possible.  Dishwasher in Kitchen is Not Working.  Home sold AS IS","","","","N","","N","N","N","","Y","","N","","1.00","","","0.00","362.34","161.27","","","","0","","120","","","","","N","N","N","N","N","N","","","http://cdn.photos.sparkplatform.com/ctn/20260619174001861754000000.jpg","","9","Kitchen:|||||;Primary Bedroom:|||||;Bedroom:|||||;Dining Room:|||||;Living Room:|||||;","Appliances|Dishwasher|Yes;Attic Features|Partially Floored|Yes;Attic Features|Pull-Down Stairs|Yes;Ceiling Heights|8 Foot|Yes;Construction Materials|Brick|Yes;Documents|Lead Based Paint Disclosure|Yes;Documents|Property Exemption|Yes;Documents|Confirmation of Agency|Yes;Electric|Fuses|Yes;Fencing|Chain Link|Yes;Interior Features|Ceiling Fan(s)|Yes;Interior Features|Tub Shower Combo|Yes;Interior Features|Eat-in Kitchen|Yes;Laundry Features|Laundry Room|Yes;Listing Terms|Cash|Yes;Listing Terms|Conventional|Yes;Lock Box Information|Lock Box Location|Railing to Right of Front Door;Lock Box Information|Lock Box Serial Number|2309295;Main Room Levels|Main Level Bathrooms|1;Main Room Levels|Main Level Bedrooms|2;Parking Features|Open|Yes;Parking Information|Open Parking Spaces|2;Parking Information|Open Parking YN|Yes;Possession|Negotiable|Yes;Road Frontage Type|City Street|Yes;Road Responsibility|Public Maintained Road|Yes;Roof|Metal|Yes;Room Types|Bedroom|Yes;Room Types|Primary Bedroom Level|Main;Room Types|Primary Bedroom|Yes;Room Types|Living Room Level|Main;Room Types|Living Room|Yes;Room Types|Kitchen Level|Main;Room Types|Kitchen|Yes;Room Types|Dining Room Level|Main;Room Types|Dining Room|Yes;Room Types|Bedroom Level|Main;Sewer|Public Sewer|Yes;Showing Information|Showing Instructions|Call Listing Agent;Water Source|Public|Yes;Window Features|Wood Frames|Yes;Lock Box Type|SentriLock|Yes;Lock Box Type|See Remarks|Yes;Levels|One|Yes;Special Listing Conditions|Standard|Yes;Showing Requirements|24 Hour Notice|Yes;Showing Requirements|Call Listing Agent|Yes;"
"2602612","Hickman Realty Group Inc.-Jack","(731) 664-1006","Alan Sharp Castleman","","Residential","Residential","Single Family Residence","Total Realty Source","Brandie Bassett","","","SF","2026-06-04","2026-08-07","2026-07-07","","C","2026-08-07","","","239900.00","239900.00","234900.00","Assessor","FHA","101","","Ayers","","","Drive","Jackson","TN","Madison","38301","1","","35.642901","-88.844476","1769.00","1962","76 X 185 IRR","3","2.00","2","0","1343.47","None","Jackson Madison Consolidated District","066K C 022.00","","","","2026-08-07 10:51:22.960102","","Vacant","Excl Right to Sell","","","","","2.00","","2.00","135.61","132.79","","","seller paid closing costs","","N","","N","","Y","0.0000","2026-08-07","","","","","N","Y","Y","8962","Move-in ready and full of charm, this beautifully updated Midtown Jackson brick home offers 3 bedrooms, 2 baths, multiple living areas, and a large fenced backyard in one of the city's most convenient locations. Inside, you'll find refinished original hardwood floors throughout much of the home, an open-concept living room and kitchen, and no carpet anywhere. The kitchen features a large island with breakfast bar seating and includes a full appliance package, including the refrigerator. A separate dining area and cozy den with built-ins and a gas fireplace provide additional space for everyday living and entertaining. The primary suite features its own private bath with a tile shower, while all bedrooms offer generous closet space. A spacious laundry and utility room provides excellent storage and workspace, and both the washer and dryer are included with the home. Outside, enjoy a covered front porch, large rear patio, fenced backyard, and attached two-car garage with additional storage. Originally built in 1962, this home has been thoughtfully updated and well maintained, offering the perfect blend of character and modern convenience. Located in Jackson's Midtown Medical District, you'll enjoy easy access to downtown restaurants, shopping, and entertainment, along with quick access to North Jackson's retail and dining destinations. For more details, contact Alan Castleman at 731-414-5862.","","","","Y","N","N","Y","N","","","Y","","Y","","","","","0.00","621.19","722.27","","","1","1","","2","","","","","N","","N","N","","","","","http://cdn.photos.sparkplatform.com/ctn/20260604190815798031000000.jpg","","25","Primary Bedroom:|||||;Bedroom:|||||;Bedroom:|||||;Living Room:|||||;Den:|||||;Kitchen:|||||;Dining Room:|||||;Laundry:|||||;","Appliances|Built-In Electric Oven|Yes;Appliances|Washer|Yes;Appliances|Stainless Steel Appliance(s)|Yes;Appliances|Refrigerator|Yes;Appliances|Gas Water Heater|Yes;Appliances|Exhaust Fan|Yes;Appliances|Electric Cooktop|Yes;Appliances|Dishwasher|Yes;Appliances|Disposal|Yes;Appliances|Dryer|Yes;Attic Features|Partially Floored|Yes;Attic Features|Pull-Down Stairs|Yes;Ceiling Heights|8 Foot|Yes;Construction Materials|Brick|Yes;Construction Materials|Wood Siding|Yes;Cooling|Central Air|Yes;Cooling|Electric|Yes;Cooling|Ceiling Fan(s)|Yes;Documents|Lead Based Paint Disclosure|Yes;Documents|Utilities|Yes;Documents|Property Disclosure|Yes;Documents|Confirmation of Agency|Yes;Electric|220 Volts in Laundry|Yes;Electric|Circuit Breakers|Yes;Electric|220 Volts|Yes;Exterior Features|Rain Gutters|Yes;Fencing|Back Yard|Yes;Fencing|Wood|Yes;Fireplace Features|Gas Log|Yes;Flooring|Ceramic Tile|Yes;Flooring|Hardwood|Yes;Foundation Details|Pillar/Post/Pier|Yes;Heating|Central|Yes;Heating|Natural Gas|Yes;Heating|Forced Air|Yes;Heating|Fireplace(s)|Yes;Interior Features|Breakfast Bar|Yes;Interior Features|Blown/Textured Ceilings|Yes;Interior Features|Ceramic Tile Shower|Yes;Interior Features|Tub Shower Combo|Yes;Interior Features|Open Floorplan|Yes;Interior Features|Laminate Counters|Yes;Interior Features|Kitchen Island|Yes;Interior Features|Eat-in Kitchen|Yes;Interior Features|Ceiling Fan(s)|Yes;Interior Features|Bookcases|Yes;Laundry Features|Electric Dryer Hookup|Yes;Laundry Features|Washer Hookup|Yes;Laundry Features|Laundry Room|Yes;Lock Box Information|Lock Box Location|Front Door;Lock Box Information|Lock Box Serial Number|2316452;Main Room Levels|Main Level Bathrooms|2;Main Room Levels|Main Level Bedrooms|3;Parking Features|Garage Faces Side|Yes;Patio And Porch Features|Covered|Yes;Patio And Porch Features|Patio|Yes;Patio And Porch Features|Front Porch|Yes;Possession|Close Of Escrow|Yes;Road Frontage Type|City Street|Yes;Road Responsibility|Public Maintained Road|Yes;Road Surface Type|Asphalt|Yes;Roof|Composition|Yes;Roof|Shingle|Yes;Room Types|Bedroom|Yes;Room Types|Primary Bedroom Level|Main;Room Types|Primary Bedroom|Yes;Room Types|Living Room Level|Main;Room Types|Living Room|Yes;Room Types|Laundry Level|Main;Room Types|Laundry|Yes;Room Types|Kitchen Level|Main;Room Types|Kitchen|Yes;Room Types|Dining Room Level|Main;Room Types|Dining Room|Yes;Room Types|Den Level|Main;Room Types|Den|Yes;Room Types|Bedroom Level|Main;Sewer|Public Sewer|Yes;Utilities|Cable Available|Yes;Utilities|Fiber Optic Available|Yes;Utilities|Water Connected|Yes;Utilities|Sewer Connected|Yes;Utilities|Phone Available|Yes;Utilities|Natural Gas Connected|Yes;Utilities|Electricity Connected|Yes;Water Source|Public|Yes;Window Features|Storm Window(s)|Yes;Window Features|Wood Frames|Yes;Lock Box Type|SentriLock|Yes;Levels|One|Yes;Special Listing Conditions|Standard|Yes;Showing Requirements|ShowingTime|Yes;"
"2602848","Total Realty Source","(731) 574-9340","Jackie David","","Residential","Residential","Single Family Residence","Lilly Realty","Kimberly Maltos","","2026-12-16","SF","2026-06-16","2026-08-07","2026-06-21","","C","2026-08-10","","","145000.00","145000.00","140000.00","Other","Convention","1026","S","College","","","Street","Trenton","TN","Gibson","38382","1","","35.966667","-88.941761","1156.00","1948","168 X 86 IRR","2","1.00","1","0","659.84","None","Trenton School District","107L J 019.00","","On 45 N coming into Trenton, take a right onto N Central Ave.","Copley","2026-08-10 12:04:32.347859","","Owner","Excl Right to Sell","","","","","2.00","","2.00","125.43","121.11","","","","","N","N","Y","N","N","0.0000","2026-08-07","","","N","N","N","Y","Y","","Don't miss this adorable and move-in ready home, perfectly situated in a convenient Trenton location! This well-maintained 2 bedroom, 1 bath home offers comfortable living with the bonus of a 2 car garage for all your parking and storage needs. Recent updates give you peace of mind for years to come: the roof was just replaced in November 2025, along with new gutters and updated ductwork. That means major-ticket items are already taken care of, so you can move right in and start enjoying your new home from day one. Priced affordably and ready for its next owner, this home won't last long. Schedule your showing today!","Schedule thru ShowingTime","","","N","N","N","Y","N","N","N","Y","","Y","","","","","268.13","237.12","154.59","","","1","1","","","","","","","N","N","N","N","N","N","","","http://cdn.photos.sparkplatform.com/ctn/20260617170842720725000000.jpg","","5","Living Room:|||||;Bedroom:|||||;Bathroom:|||||;Primary Bedroom:|||||;Laundry:|||||;Kitchen:|||||;Dining Room:|||||;","Appliances|Dishwasher|Yes;Appliances|Refrigerator|Yes;Appliances|Electric Water Heater|Yes;Ceiling Heights|8 Foot|Yes;Construction Materials|Aluminum Siding|Yes;Cooling|Central Air|Yes;Cooling|Electric|Yes;Cooling|Ceiling Fan(s)|Yes;Documents|Lead Based Paint Disclosure|Yes;Documents|Disclaimer Notice|Yes;Documents|Property Disclosure|Yes;Documents|Confirmation of Agency|Yes;Exterior Features|Rain Gutters|Yes;Fireplace Features|Wood Burning|Yes;Flooring|Hardwood|Yes;Flooring|Linoleum|Yes;Heating|Central|Yes;Heating|Natural Gas|Yes;Interior Features|Ceiling Fan(s)|Yes;Interior Features|Tub Shower Combo|Yes;Interior Features|Laminate Counters|Yes;Laundry Features|Electric Dryer Hookup|Yes;Laundry Features|Washer Hookup|Yes;Laundry Features|Laundry Room|Yes;Listing Terms|Cash|Yes;Listing Terms|VA Loan|Yes;Listing Terms|USDA Loan|Yes;Listing Terms|FHA|Yes;Listing Terms|Conventional|Yes;Lock Box Information|Lock Box Location|Front railing;Lock Box Information|Lock Box Serial Number|2313174;Main Room Levels|Main Level Bathrooms|1;Main Room Levels|Main Level Bedrooms|2;Other Structures|Garage(s)|Yes;Parking Features|Garage Door Opener|Yes;Parking Features|Open|Yes;Parking Information|Open Parking Spaces|2;Parking Information|Open Parking YN|Yes;Patio And Porch Features|Covered|Yes;Patio And Porch Features|Rear Porch|Yes;Patio And Porch Features|Porch|Yes;Patio And Porch Features|Patio|Yes;Patio And Porch Features|Front Porch|Yes;Patio And Porch Features|Deck|Yes;Possession|Close Of Escrow|Yes;Road Frontage Type|City Street|Yes;Road Responsibility|Public Maintained Road|Yes;Roof|Architectural|Yes;Room Types|Bathroom|Yes;Room Types|Primary Bedroom Level|Main;Room Types|Primary Bedroom|Yes;Room Types|Living Room Level|Main;Room Types|Living Room|Yes;Room Types|Laundry Level|Main;Room Types|Laundry|Yes;Room Types|Kitchen Level|Main;Room Types|Kitchen|Yes;Room Types|Dining Room|Yes;Room Types|Bedroom Level|Main;Room Types|Bedroom|Yes;Room Types|Bathroom Level|Main;Sewer|Public Sewer|Yes;Showing Information|Showing Attended YN|No;Utilities|Electricity Available|Yes;Utilities|Natural Gas Available|Yes;Utilities|Electricity Connected|Yes;Water Source|Public|Yes;Window Features|Blinds|Yes;Window Features|Wood Frames|Yes;Lock Box Type|SentriLock|Yes;Levels|One|Yes;Special Listing Conditions|Standard|Yes;Showing Requirements|Appointment Only|Yes;Showing Requirements|ShowingTime|Yes;Showing Requirements|Call Listing Agent|Yes;"
"2601498","Total Realty Source","(731) 574-9340","Lisa Ann Ballinger","","MultiFamily","Residential Income","Duplex","","","","2026-10-07","DU","2026-04-06","","","","W","2026-05-22","2026-05-22","","284900.00","275000.00","","Builder","","3078","","Anderson","","","Street","Milan","TN","Gibson","38358","1","","35.914045","-88.764211","2048.00","2026","85 X 232","","","","","96.79","","Milan School District","140F A 021.00","","","","2026-05-22 13:42:15.200686","","","Excl Right to Sell","","","","","","","4.00","134.28","","","","","","N","N","","","","0.0000","","","","","","","Y","Y","","Investor Potential with a New Construction Duplex.  Each Unit has 3 Bedrooms and 2 Full Bathrooms in a Convenient Milan Location.  The Primary Bedroom in Each Unit has a Walk-in Closet.  Luxury Vinyl Plank Flooring throughout with Granite Countertops in Kitchen.  Range/Oven, Refrigerator and Dishwasher will be Included in Each Unit.  Washer and Dryer hookups in each unit.  Each Unit has Privacy Fenced Backyard Area, Great for Entertaining, Enjoying Private Time, Children Playing.","One Unit is Rented for $1,400","","","","","N","","N","N","","Y","","N","","","","","","33.83","22.95","","2","","","","1125","","","","140F A 021.00","N","","","N","","N","","","http://cdn.photos.sparkplatform.com/ctn/20260424121801121518000000.jpg","2026-04-23 20:11:09.487935","46","","1-Bedroom Unit Details|Baths Total|0;1-Bedroom Unit Details|Number of Fireplaces|0;1-Bedroom Unit Details|Unit Type Total Rent|0;2-Bedroom Unit Details|Baths Total|0;2-Bedroom Unit Details|Unit Type Total Rent|0;3-Bedroom Unit Details|Baths Total|2;3-Bedroom Unit Details|Unit Type Total Rent|0;3-Bedroom Unit Details|Number of Fireplaces|0;3-Bedroom Unit Details|Number of W/D Connections|1;3-Bedroom Unit Details|Number of Dishwashers|1;3-Bedroom Unit Details|Number of Ranges|1;3-Bedroom Unit Details|Number of Refrigerators|1;3-Bedroom Unit Details|Baths Half|0;3-Bedroom Unit Details|Baths Full|2;3-Bedroom Unit Details|Garage Spaces|0;Appliances|Dishwasher|Yes;Appliances|Refrigerator|Yes;Appliances|Electric Water Heater|Yes;Appliances|Electric Range|Yes;Appliances|Electric Oven|Yes;Construction Materials|Vinyl Siding|Yes;Cooling|Central Air|Yes;Exterior Features|Private Entrance|Yes;Exterior Features|Rain Gutters|Yes;Fencing|Back Yard|Yes;Fencing|Wood|Yes;Fencing|Privacy|Yes;Flooring|Luxury Vinyl|Yes;Foundation Details|Slab|Yes;Heating|Central|Yes;Income and Expenses|Total Actual Rent|0;Interior Features|Eat-in Kitchen|Yes;Interior Features|Tub Shower Combo|Yes;Interior Features|Walk-In Closet(s)|Yes;Interior Features|Open Floorplan|Yes;Interior Features|Granite Counters|Yes;Laundry Features|Electric Dryer Hookup|Yes;Laundry Features|Washer Hookup|Yes;Listing Terms|Cash|Yes;Listing Terms|Conventional|Yes;Meter Information|Number Of Separate Electric Meters|2;Meter Information|Number Of Separate Water Meters|2;Parking Features|Open|Yes;Parking Information|Open Parking Spaces|4;Parking Information|Open Parking YN|Yes;Possession|Close Of Escrow|Yes;Road Frontage Type|City Street|Yes;Road Responsibility|Public Maintained Road|Yes;Roof|Architectural|Yes;Showing Information|Showing Instructions|Vacant, Under Construction, Call Listing Agent to arrange showings;Unit Details|Number Of Units Vacant|2;Utilities|Electricity Connected|Yes;Utilities|Water Connected|Yes;Utilities|Sewer Connected|Yes;Window Features|Vinyl Frames|Yes;Lock Box Type|None|Yes;Levels|One|Yes;Water Source|Public|Yes;Special Listing Conditions|Standard|Yes;Sewer|Public Sewer|Yes;Showing Requirements|Call Listing Agent|Yes;"
"2505033","Total Realty Source","(731) 574-9340","Jackie David","","Residential","Residential","Single Family Residence","","","","2026-09-30","SF","2025-10-21","","","2026-07-21","W","2026-07-21","2026-07-21","","231000.00","205000.00","","Owner","","111","","Westwood","","","Avenue","Jackson","TN","Madison","38301","1","","35.631886","-88.81937","1712.00","1950","45.5 X 106","4","3.00","3","0","555.86","Walnut Grove","Jackson Madison Consolidated District","078A D 009.00","","Go south on North Highland, continue south and take a right onto Westwood, house is on the right.","Albea","2026-07-21 08:54:59.482243","","Owner","Excl Right to Sell","","","","","","","2.00","119.74","","","","","4335","N","N","N","N","","","","","","N","N","N","N","Y","","Step into this fully renovated gem in the heart of the Lana District! This spacious 4-bedroom, 3 full bath home has been completely updated from top to bottom, offering modern comfort and style throughout. Enjoy a brand-new kitchen featuring stainless steel appliances, new cabinets, and gorgeous countertops, along with new flooring throughout that flows seamlessly through every room. All three bathrooms have been beautifully updated with contemporary finishes. Major improvements include a new HVAC system, new roof, and new siding?giving you peace of mind for years to come. With an abundance of natural light, and move-in ready condition, this home perfectly blends modern updates with everyday functionality. Conveniently located near shopping, dining, schools, and parks, it's everything you've been looking for!","All information contained herein, including square footage, is deemed accurate, however it is not warranted by Seller, Realtor or Company. For school info visit www.jmcss.org or call 731-664-2532. All information deemed accurate but is not warranted by the seller, company, or the Realtor. Square footage to be determined by appraiser. This document is to be used for reference only and is not a valid part of the sales contract between the buyer and the seller.","","","","N","N","N","N","N","","Y","","N","","","","","0.00","257.00","298.00","","","","1","","","","","","","N","","N","N","N","N","","","http://cdn.photos.sparkplatform.com/ctn/20251021150318538422000000.jpg","2026-04-29 10:48:26.378642","241","Kitchen:|||||;Living Room:|||||;Primary Bedroom:|||||;Bedroom:|||||;Bedroom:|||||;Bedroom:|||||;Primary Bathroom:|||||;Utility Room:|||||;Bathroom:|||||;Bathroom:|||||;","Appliances|Electric Range|Yes;Appliances|Stainless Steel Appliance(s)|Yes;Appliances|Range Hood|Yes;Appliances|Refrigerator|Yes;Appliances|Electric Water Heater|Yes;Ceiling Heights|8 Foot|Yes;Construction Materials|Lap Siding|Yes;Documents|Lead Based Paint Disclosure|Yes;Documents|Disclaimer Notice|Yes;Documents|Mold/Mildew Disclosure|Yes;Documents|Property Exemption|Yes;Documents|Property Disclosure|Yes;Documents|Confirmation of Agency|Yes;Flooring|Laminate|Yes;Foundation Details|Other|Yes;Heating|Central|Yes;Heating|Electric|Yes;Interior Features|Ceiling Fan(s)|Yes;Interior Features|Double Vanity|Yes;Laundry Features|Electric Dryer Hookup|Yes;Laundry Features|Washer Hookup|Yes;Laundry Features|Main Level|Yes;Laundry Features|Laundry Room|Yes;Listing Terms|Cash|Yes;Listing Terms|VA Loan|Yes;Listing Terms|FHA|Yes;Listing Terms|Conventional|Yes;Lock Box Information|Lock Box Location|front door;Lock Box Information|Lock Box Serial Number|2308475;Main Room Levels|Main Level Bathrooms|3;Main Room Levels|Main Level Bedrooms|4;Parking Features|Alley Access|Yes;Parking Features|Open|Yes;Parking Information|Open Parking Spaces|2;Parking Information|Open Parking YN|Yes;Patio And Porch Features|Front Porch|Yes;Patio And Porch Features|Porch|Yes;Possession|Close Of Escrow|Yes;Road Frontage Type|Alley|Yes;Road Frontage Type|City Street|Yes;Road Surface Type|Asphalt|Yes;Roof|Architectural|Yes;Room Types|Bathroom|Yes;Room Types|Utility Room Level|Main;Room Types|Utility Room|Yes;Room Types|Primary Bedroom Level|Main;Room Types|Primary Bedroom|Yes;Room Types|Primary Bathroom Level|Main;Room Types|Primary Bathroom|Yes;Room Types|Living Room Level|Main;Room Types|Living Room|Yes;Room Types|Kitchen Level|Main;Room Types|Kitchen|Yes;Room Types|Bedroom Level|Main;Room Types|Bedroom|Yes;Room Types|Bathroom Level|Main;Sewer|Public Sewer|Yes;Showing Information|Showing Attended YN|No;Utilities|Electricity Available|Yes;Utilities|Sewer Connected|Yes;Utilities|Electricity Connected|Yes;Water Source|Public|Yes;Window Features|Blinds|Yes;Window Features|Vinyl Frames|Yes;Lock Box Type|SentriLock|Yes;Levels|One|Yes;Special Listing Conditions|Standard|Yes;Showing Requirements|ShowingTime|Yes;"
"2603441","Total Realty Source","(731) 574-9340","Jackie David","","Residential","Residential","Single Family Residence","","","","2026-09-30","SF","2026-07-15","","","","W","2026-07-22","2026-07-22","","205000.00","205000.00","","Other","","111","","Westwood","","","Avenue","Jackson","TN","Madison","38301","1","","35.631964","-88.819354","1712.00","1950","45.5 X 106","4","3.00","3","0","","Walnut Grove","Jackson Madison Consolidated District","078A D 009.00","","Go south on North Highland, continue south and take a right onto Westwood, house is on the right.","","2026-07-22 08:41:39.466843","","Owner","Excl Right to Sell","","","","","","","2.00","119.74","","","","","4335","N","N","N","N","","","","","","N","N","N","N","Y","","Step into this fully renovated gem in the heart of the Lana District! This spacious 4-bedroom, 3 full bath home has been completely updated from top to bottom, offering modern comfort and style throughout. Enjoy a brand-new kitchen featuring stainless steel appliances, new cabinets, and gorgeous countertops, along with new flooring throughout that flows seamlessly through every room. All three bathrooms have been beautifully updated with contemporary finishes. Major improvements include a new HVAC system, new roof, and new siding--giving you peace of mind for years to come. With an abundance of natural light, and move-in ready condition, this home perfectly blends modern updates with everyday functionality. Conveniently located near shopping, dining, schools, and parks, it's everything you've been looking for!","All information contained herein, including square footage, is deemed accurate, however it is not warranted by Seller, Realtor or Company. For school info visit www.jmcss.org or call 731-664-2532. All information deemed accurate but is not warranted by the seller, company, or the Realtor. Square footage to be determined by appraiser. This document is to be used for reference only and is not a valid part of the sales contract between the buyer and the seller.","","","","N","N","N","N","N","","Y","","N","","","","","0.00","257.00","298.00","","","","1","","","","","","","N","","N","N","N","N","","","http://cdn.photos.sparkplatform.com/ctn/20260722132624680802000000.jpg","","7","Kitchen:|||||;Living Room:|||||;Primary Bedroom:|||||;Bedroom:|||||;Bedroom:|||||;Bedroom:|||||;Primary Bathroom:|||||;Utility Room:|||||;Bathroom:|||||;Bathroom:|||||;","Appliances|Electric Range|Yes;Appliances|Stainless Steel Appliance(s)|Yes;Appliances|Range Hood|Yes;Appliances|Refrigerator|Yes;Appliances|Electric Water Heater|Yes;Ceiling Heights|8 Foot|Yes;Construction Materials|Lap Siding|Yes;Documents|Lead Based Paint Disclosure|Yes;Documents|Disclaimer Notice|Yes;Documents|Mold/Mildew Disclosure|Yes;Documents|Property Exemption|Yes;Documents|Property Disclosure|Yes;Documents|Confirmation of Agency|Yes;Flooring|Laminate|Yes;Foundation Details|Other|Yes;Heating|Central|Yes;Heating|Electric|Yes;Interior Features|Ceiling Fan(s)|Yes;Interior Features|Double Vanity|Yes;Laundry Features|Electric Dryer Hookup|Yes;Laundry Features|Washer Hookup|Yes;Laundry Features|Main Level|Yes;Laundry Features|Laundry Room|Yes;Listing Terms|Cash|Yes;Listing Terms|VA Loan|Yes;Listing Terms|FHA|Yes;Listing Terms|Conventional|Yes;Lock Box Information|Lock Box Location|front door;Lock Box Information|Lock Box Serial Number|2308475;Main Room Levels|Main Level Bathrooms|3;Main Room Levels|Main Level Bedrooms|4;Parking Features|Alley Access|Yes;Parking Features|Open|Yes;Parking Information|Open Parking Spaces|2;Parking Information|Open Parking YN|Yes;Patio And Porch Features|Front Porch|Yes;Patio And Porch Features|Porch|Yes;Possession|Close Of Escrow|Yes;Road Frontage Type|Alley|Yes;Road Frontage Type|City Street|Yes;Road Surface Type|Asphalt|Yes;Roof|Architectural|Yes;Room Types|Bathroom|Yes;Room Types|Utility Room Level|Main;Room Types|Utility Room|Yes;Room Types|Primary Bedroom Level|Main;Room Types|Primary Bedroom|Yes;Room Types|Primary Bathroom Level|Main;Room Types|Primary Bathroom|Yes;Room Types|Living Room Level|Main;Room Types|Living Room|Yes;Room Types|Kitchen Level|Main;Room Types|Kitchen|Yes;Room Types|Bedroom Level|Main;Room Types|Bedroom|Yes;Room Types|Bathroom Level|Main;Sewer|Public Sewer|Yes;Showing Information|Showing Attended YN|No;Utilities|Electricity Available|Yes;Utilities|Sewer Connected|Yes;Utilities|Electricity Connected|Yes;Water Source|Public|Yes;Window Features|Blinds|Yes;Window Features|Vinyl Frames|Yes;Lock Box Type|SentriLock|Yes;Levels|One|Yes;Special Listing Conditions|Standard|Yes;Showing Requirements|ShowingTime|Yes;"
"2602665","Total Realty Source","(731) 574-9340","Amy McLemore","","Residential","Residential","Single Family Residence","","","","2027-06-07","SF","2026-06-07","","","","W","2026-06-23","2026-06-22","","639900.00","639900.00","","Assessor","","46","","Oakfield","","","Road","Oakfield","TN","Madison","38362","2","","35.708434","-88.777231","4156.00","1973","150x416x65x100x464","4","4.00","3","1","1530.73","None","Jackson Madison Consolidated District","035    003.06","","From the intersection of I-40 and Christmasville Rd, go north on Christmasville Rd. Left on Oakfield Rd. Home is on the right.","Angela Diane Bowden","2026-06-23 12:12:46.840894","","Owner","Excl Right to Sell","","","","","2.00","","10.00","153.97","","","","","","N","N","N","N","","1.3900","","","","Y","N","N","Y","Y","","Welcome to 46 Oakfield Rd ? a stately brick home nestled on 1.39 beautifully landscaped acres in NE Madison County. Surrounded by mature trees and tucked away on a quiet county road just minutes from I-40, this one-of-a-kind property offers over 4,100 heated square feet with timeless character, incredible entertaining spaces, and a peaceful setting rarely found. The spacious floor plan features 4 bedrooms, 3.5 baths, a main-level owner's suite, formal dining room, large den with built-ins, two living areas, and two gas log fireplaces. Upstairs offers 3 generous bedrooms and a full bath, while the finished walk-out basement provides endless possibilities with flexible living space, kitchenette/wet bar area, half bath, and shower ? ideal for entertaining, recreation, hobbies, guests, or multi-generational living. Thoughtful updates include granite countertops throughout, refreshed neutral interior paint colors, metal fascia and exterior wrap for low-maintenance living, and added security lighting. Outdoor living is equally impressive with a screened-in back porch, open deck, covered lower patio area, and a private 16x32 in-ground swimming pool enclosed within a fenced backyard and surrounded by mature trees creating a peaceful retreat-like atmosphere. Additional highlights include a beautiful circular drive, covered front porch, immaculate maintenance throughout, and low county-only taxes currently totaling approximately $1,530.73 annually.","Per seller, the non-load-bearing wall between kitchen and den offers potential for an open-concept layout. Property line goes beyond the fence.","","","Y","N","Y","Y","N","N","N","N","","Y","","","","","0.00","0.00","1530.73","","","2","2","","11","","Single Family Residential","","","N","N","N","N","N","N","","","http://cdn.photos.sparkplatform.com/ctn/20260607191154559149000000.jpg","","15","Foyer:|||||;Living Room:|||||;Den:|||||;Dining Room:|||||;Kitchen:|||||;Laundry:|||||;Primary Bedroom:|||||;Primary Bathroom:|||||;Bedroom:|||||;Bedroom:|||||;Bedroom:|||||;Bathroom:|||||;Basement:|||||;Bathroom:|||||;","Appliances|Double Oven|Yes;Appliances|Stainless Steel Appliance(s)|Yes;Appliances|Self Cleaning Oven|Yes;Appliances|Microwave|Yes;Appliances|Electric Water Heater|Yes;Appliances|Electric Range|Yes;Appliances|Dishwasher|Yes;Attic Features|Partially Floored|Yes;Attic Features|Pull-Down Stairs|Yes;Basement|Exterior Entry|Yes;Basement|Walk-Out Access|Yes;Basement|Interior Entry|Yes;Basement|Finished|Yes;Ceiling Heights|8 Foot|Yes;Construction Materials|Brick|Yes;Cooling|Central Air|Yes;Cooling|Electric|Yes;Cooling|Ceiling Fan(s)|Yes;Documents|Confirmation of Agency|Yes;Documents|Property Disclosure|Yes;Electric|200+ Amp Service|Yes;Exterior Features|Rain Gutters|Yes;Fencing|Back Yard|Yes;Fencing|Wood|Yes;Fencing|Privacy|Yes;Fencing|Cross Fenced|Yes;Fireplace Features|Gas Log|Yes;Fireplace Features|Wood Burning|Yes;Fireplace Features|Other|Yes;Fireplace Features|Masonry|Yes;Fireplace Features|Gas Starter|Yes;Flooring|Carpet|Yes;Flooring|Tile|Yes;Flooring|Other|Yes;Flooring|Luxury Vinyl|Yes;Foundation Details|Block|Yes;Foundation Details|Permanent|Yes;Foundation Details|Combination|Yes;Heating|Central|Yes;Heating|Natural Gas|Yes;Heating|Forced Air|Yes;Heating|Fireplace(s)|Yes;Interior Features|Ceiling Fan(s)|Yes;Interior Features|Knocked Down Ceilings|Yes;Interior Features|Jetted Tub|Yes;Interior Features|Ceramic Tile Shower|Yes;Interior Features|Tub Shower Combo|Yes;Interior Features|Walk-In Closet(s)|Yes;Interior Features|Primary Downstairs|Yes;Interior Features|Pantry|Yes;Interior Features|Kitchen Island|Yes;Interior Features|Granite Counters|Yes;Interior Features|Eat-in Kitchen|Yes;Interior Features|Entrance Foyer|Yes;Interior Features|Double Vanity|Yes;Interior Features|Crown Molding|Yes;Laundry Features|Electric Dryer Hookup|Yes;Laundry Features|Washer Hookup|Yes;Laundry Features|Main Level|Yes;Lot Features|Level|Yes;Lot Features|Wooded|Yes;Lot Features|Rolling Slope|Yes;Main Room Levels|Main Level Bathrooms|1;Main Room Levels|Main Level Bedrooms|1;Other Structures|Shed(s)|Yes;Parking Features|Circular Driveway|Yes;Parking Features|Parking Pad|Yes;Parking Features|Open|Yes;Parking Features|Garage Door Opener|Yes;Parking Features|Garage Faces Side|Yes;Parking Information|Open Parking Spaces|8;Parking Information|Open Parking YN|Yes;Patio And Porch Features|Covered|Yes;Patio And Porch Features|Screened|Yes;Patio And Porch Features|Rear Porch|Yes;Patio And Porch Features|Patio|Yes;Patio And Porch Features|Front Porch|Yes;Patio And Porch Features|Deck|Yes;Pool Features|In Ground|Yes;Pool Features|Chlorine|Yes;Pool Features|Private|Yes;Pool Features|Outdoor Pool|Yes;Pool Features|Liner|Yes;Possession|Close Of Escrow|Yes;Road Frontage Type|County Road|Yes;Road Responsibility|Public Maintained Road|Yes;Road Surface Type|Asphalt|Yes;Roof|Shingle|Yes;Roof|Architectural|Yes;Room Types|Bathroom|Yes;Room Types|Foyer|Yes;Room Types|Foyer Level|Main;Room Types|Primary Bedroom Level|Main;Room Types|Primary Bedroom|Yes;Room Types|Primary Bathroom Level|Main;Room Types|Primary Bathroom|Yes;Room Types|Living Room Level|Main;Room Types|Living Room|Yes;Room Types|Laundry Level|Main;Room Types|Laundry|Yes;Room Types|Kitchen Level|Main;Room Types|Kitchen|Yes;Room Types|Dining Room Level|Main;Room Types|Dining Room|Yes;Room Types|Den Level|Main;Room Types|Den|Yes;Room Types|Basement Level|Basement;Room Types|Basement|Yes;Room Types|Bedroom Level|Upper;Room Types|Bedroom|Yes;Room Types|Bathroom Level|Basement;Security Features|Carbon Monoxide Detector(s)|Yes;Security Features|Security System|Yes;Security Features|Smoke Detector(s)|Yes;Sewer|Septic Tank|Yes;Showing Information|Showing Attended YN|No;Utilities|Electricity Connected|Yes;Utilities|Water Connected|Yes;Utilities|Natural Gas Connected|Yes;Water Source|Public|Yes;Water Source|Well|Yes;Window Features|Double Pane Windows|Yes;Window Features|Vinyl Frames|Yes;Window Features|Wood Frames|Yes;Window Features|Shutters|Yes;Window Features|Plantation Shutters|Yes;Window Features|Low-Emissivity Windows|Yes;Lock Box Type|None|Yes;Lock Box Type|Other|Yes;Levels|Two|Yes;Special Listing Conditions|Standard|Yes;Showing Requirements|Appointment Only|Yes;Showing Requirements|ShowingTime|Yes;Showing Requirements|No Lockbox|Yes;"
"2601882","Total Realty Source","(731) 574-9340","Lisa Ann Ballinger","","Residential","Residential","Single Family Residence","","","","2026-10-26","SF","2026-04-25","","","","W","2026-07-14","2026-07-14","","479900.00","479900.00","","Builder","","11","","Roy Hargrove","","","Road","Medina","TN","Gibson","38355","2","","35.806581","-88.767016","2700.00","2026","76 X 190 IRR","4","4.00","3","1","196.39","None","Gibson County Special District","176B A 001.10","","","","2026-07-14 11:33:09.858669","","Vacant","Excl Right to Sell","","","","","2.00","","5.00","177.74","","","","","","N","N","Y","N","","0.0000","","731 Contractors, LLC","","N","","N","Y","Y","","Stunning New Construction in Medina Featuring 4 Bedrooms and 3 1/2 Bathrooms.   Coming through the Front Door into the Foyer, you will be in Awe of the Views as you see the Great Room with Open Floor Plan allowing a natural flow with the Kitchen and Dining Area.   The beautiful and functional Kitchen will have Solid Surface Countertops, Island, Pantry Stainless Steel Appliances.  The Primary Bedroom is on the Main Floor and will have an En-Suite where you will find Double Vanities, Separate Shower and Soaking Tub.  The 2nd Story Features 3 Bedrooms with 1 of those Bedrooms Offering an En-Suite and Large Walk-In Closet.  The 10 Foot Ceilings in this Home Give it a Grand Ambience along with the Custom Upgrades you will find here!  Call Today for More Information","Square Footage is Estimated and should be determined by a Licensed Appraiser.","","","Y","Y","N","N","N","N","","Y","","Y","","","","","81.99","62.24","52.16","","","","","","","","","","","N","N","N","N","N","N","","","http://cdn.photos.sparkplatform.com/ctn/20260425152349624765000000.jpg","","80","Kitchen:|||||;Primary Bedroom:|||||;Dining Room:|||||;Great Room:|||||;Office:|||||;Bedroom:|||||;Bedroom:|||||;Bedroom:|||||;Laundry:|||||;Laundry:|||||;","Appliances|Dishwasher|Yes;Appliances|Tankless Water Heater|Yes;Appliances|Electric Range|Yes;Ceiling Heights|10 Foot|Yes;Construction Materials|Brick|Yes;Cooling|Central Air|Yes;Cooling|Ceiling Fan(s)|Yes;Documents|Confirmation of Agency|Yes;Documents|Property Exemption|Yes;Fencing|Privacy|Yes;Flooring|Luxury Vinyl|Yes;Flooring|Tile|Yes;Heating|Central|Yes;Interior Features|Ceiling Fan(s)|Yes;Interior Features|Commode Room|Yes;Interior Features|Walk-In Closet(s)|Yes;Interior Features|Primary Downstairs|Yes;Interior Features|Kitchen Island|Yes;Interior Features|Entrance Foyer|Yes;Interior Features|Double Vanity|Yes;Laundry Features|Laundry Room|Yes;Laundry Features|Multiple Locations|Yes;Listing Terms|Cash|Yes;Listing Terms|VA Loan|Yes;Listing Terms|USDA Loan|Yes;Listing Terms|FHA|Yes;Listing Terms|Conventional|Yes;Main Room Levels|Main Level Bathrooms|1;Main Room Levels|Main Level Bedrooms|1;Parking Features|Garage Faces Front|Yes;Parking Features|Open|Yes;Parking Information|Open Parking Spaces|3;Parking Information|Open Parking YN|Yes;Patio And Porch Features|Patio|Yes;Possession|Close Of Escrow|Yes;Road Responsibility|Public Maintained Road|Yes;Roof|Architectural|Yes;Room Types|Bedroom|Yes;Room Types|Primary Bedroom Level|Main;Room Types|Primary Bedroom|Yes;Room Types|Office Level|Main;Room Types|Office|Yes;Room Types|Laundry Level|Upper;Room Types|Laundry|Yes;Room Types|Kitchen Level|Main;Room Types|Kitchen|Yes;Room Types|Great Room Level|Main;Room Types|Great Room|Yes;Room Types|Dining Room Level|Main;Room Types|Dining Room|Yes;Room Types|Bedroom Level|Upper;Sewer|Public Sewer|Yes;Water Source|Public|Yes;Window Features|Low-Emissivity Windows|Yes;Lock Box Type|None|Yes;Levels|Two|Yes;Special Listing Conditions|Standard|Yes;Showing Requirements|Call Listing Agent|Yes;"
